weather_condition,lighting_condition,trafficway_type,roadway_surface_cond,road_defect,crash_hour,crash_day_of_week,crash_month,crash_hour_sin,crash_hour_cos,crash_day_sin,crash_day_cos,crash_month_sin,crash_month_cos,crash_type,intersection_related_i
1.0,1.0,3.0,1.0,1.0,13,5,8,0.7411809548974793,0.03407417371093169,0.02507208781817638,0.7774790660436854,0.13397459621556151,0.49999999999999956,1,1
1.0,1.0,1.0,1.0,1.0,14,1,5,0.5000000000000002,0.13397459621556118,1.78183148246803,1.6234898018587336,1.5,0.1339745962155613,1,1
1.0,1.0,2.0,1.0,1.0,15,3,8,0.29289321881345287,0.2928932188134521,1.4338837391175583,0.09903113209758097,0.13397459621556151,0.49999999999999956,1,1
1.0,1.0,1.0,1.0,1.0,7,6,4,1.9659258262890682,0.7411809548974794,0.21816851753197009,1.6234898018587334,1.8660254037844388,0.5000000000000002,1,0
1.0,1.0,2.0,1.0,1.0,8,4,11,1.8660254037844388,0.5000000000000002,0.5661162608824419,0.09903113209758085,0.49999999999999956,1.8660254037844384,2,1
1.0,1.0,1.0,1.0,1.0,11,7,4,1.258819045102521,0.0340741737109318,0.9999999999999998,2.0,1.8660254037844388,0.5000000000000002,2,1
1.0,1.0,1.0,1.0,1.0,10,7,8,1.5,0.1339745962155613,0.9999999999999998,2.0,0.13397459621556151,0.49999999999999956,1,1
3.0,4.0,1.0,3.0,1.0,19,1,12,0.03407417371093158,1.2588190451025203,1.78183148246803,1.6234898018587336,0.9999999999999998,2.0,2,1
1.0,1.0,1.0,1.0,1.0,17,5,9,0.03407417371093169,0.7411809548974794,0.02507208781817638,0.7774790660436854,0.0,0.9999999999999998,2,1
1.0,3.0,1.0,1.0,1.0,20,7,4,0.1339745962155614,1.5,0.9999999999999998,2.0,1.8660254037844388,0.5000000000000002,1,0
1.0,1.0,1.0,1.0,1.0,7,4,10,1.9659258262890682,0.7411809548974794,0.5661162608824419,0.09903113209758085,0.1339745962155614,1.5,2,1
1.0,1.0,2.0,1.0,1.0,16,6,9,0.13397459621556151,0.49999999999999956,0.21816851753197009,1.6234898018587334,0.0,0.9999999999999998,2,1
2.0,1.0,1.0,2.0,1.0,7,2,4,1.9659258262890682,0.7411809548974794,1.9749279121818235,0.7774790660436857,1.8660254037844388,0.5000000000000002,1,1
1.0,1.0,1.0,1.0,1.0,13,4,7,0.7411809548974793,0.03407417371093169,0.5661162608824419,0.09903113209758085,0.5000000000000002,0.13397459621556118,2,1
1.0,3.0,1.0,1.0,1.0,4,4,1,1.8660254037844386,1.5,0.5661162608824419,0.09903113209758085,1.5,1.8660254037844388,2,1
1.0,1.0,2.0,1.0,1.0,17,4,5,0.03407417371093169,0.7411809548974794,0.5661162608824419,0.09903113209758085,1.5,0.1339745962155613,2,1
1.0,3.0,2.0,1.0,1.0,2,5,9,1.5,1.8660254037844388,0.02507208781817638,0.7774790660436854,0.0,0.9999999999999998,2,0
1.0,1.0,1.0,1.0,1.0,7,2,12,1.9659258262890682,0.7411809548974794,1.9749279121818235,0.7774790660436857,0.9999999999999998,2.0,1,1
2.0,4.0,3.0,2.0,1.0,1,2,4,1.2588190451025207,1.9659258262890682,1.9749279121818235,0.7774790660436857,1.8660254037844388,0.5000000000000002,2,1
1.0,1.0,2.0,1.0,1.0,11,5,2,1.258819045102521,0.0340741737109318,0.02507208781817638,0.7774790660436854,1.8660254037844386,1.5,1,0
1.0,3.0,1.0,1.0,1.0,21,7,6,0.2928932188134523,1.7071067811865475,0.9999999999999998,2.0,1.0000000000000002,0.0,1,1
3.0,2.0,2.0,3.0,1.0,11,7,2,1.258819045102521,0.0340741737109318,0.9999999999999998,2.0,1.8660254037844386,1.5,1,1
1.0,1.0,1.0,1.0,1.0,15,7,3,0.29289321881345287,0.2928932188134521,0.9999999999999998,2.0,2.0,1.0,1,1
1.0,3.0,1.0,1.0,1.0,18,4,11,0.0,0.9999999999999998,0.5661162608824419,0.09903113209758085,0.49999999999999956,1.8660254037844384,1,1
1.0,3.0,1.0,1.0,1.0,21,6,11,0.2928932188134523,1.7071067811865475,0.21816851753197009,1.6234898018587334,0.49999999999999956,1.8660254037844384,1,1
1.0,1.0,1.0,1.0,1.0,18,6,4,0.0,0.9999999999999998,0.21816851753197009,1.6234898018587334,1.8660254037844388,0.5000000000000002,1,1
1.0,1.0,2.0,1.0,1.0,15,6,2,0.29289321881345287,0.2928932188134521,0.21816851753197009,1.6234898018587334,1.8660254037844386,1.5,2,1
4.0,2.0,4.0,3.0,1.0,18,7,12,0.0,0.9999999999999998,0.9999999999999998,2.0,0.9999999999999998,2.0,1,1
1.0,3.0,1.0,1.0,1.0,18,5,12,0.0,0.9999999999999998,0.02507208781817638,0.7774790660436854,0.9999999999999998,2.0,1,1
1.0,3.0,3.0,1.0,1.0,22,6,10,0.49999999999999956,1.8660254037844384,0.21816851753197009,1.6234898018587334,0.1339745962155614,1.5,2,1
1.0,1.0,1.0,1.0,1.0,11,6,11,1.258819045102521,0.0340741737109318,0.21816851753197009,1.6234898018587334,0.49999999999999956,1.8660254037844384,1,1
1.0,4.0,3.0,1.0,1.0,17,6,11,0.03407417371093169,0.7411809548974794,0.21816851753197009,1.6234898018587334,0.49999999999999956,1.8660254037844384,2,1
1.0,1.0,1.0,2.0,1.0,16,3,1,0.13397459621556151,0.49999999999999956,1.4338837391175583,0.09903113209758097,1.5,1.8660254037844388,1,1
1.0,1.0,3.0,4.0,1.0,7,3,1,1.9659258262890682,0.7411809548974794,1.4338837391175583,0.09903113209758097,1.5,1.8660254037844388,1,1
1.0,1.0,1.0,1.0,1.0,11,5,11,1.258819045102521,0.0340741737109318,0.02507208781817638,0.7774790660436854,0.49999999999999956,1.8660254037844384,1,1
1.0,1.0,3.0,1.0,1.0,9,1,10,1.7071067811865475,0.29289321881345254,1.78183148246803,1.6234898018587336,0.1339745962155614,1.5,2,1
1.0,1.0,1.0,1.0,1.0,16,7,8,0.13397459621556151,0.49999999999999956,0.9999999999999998,2.0,0.13397459621556151,0.49999999999999956,2,0
1.0,1.6786895643264867,3.0,1.0,1.0,17,5,11,0.03407417371093169,0.7411809548974794,0.02507208781817638,0.7774790660436854,0.49999999999999956,1.8660254037844384,1,1
1.0,1.0,1.0,1.0,1.0,17,1,2,0.03407417371093169,0.7411809548974794,1.78183148246803,1.6234898018587336,1.8660254037844386,1.5,1,1
1.0,3.0,3.0,1.0,1.0,19,4,11,0.03407417371093158,1.2588190451025203,0.5661162608824419,0.09903113209758085,0.49999999999999956,1.8660254037844384,2,1
2.0,3.0,2.0,2.0,1.0,17,6,1,0.03407417371093169,0.7411809548974794,0.21816851753197009,1.6234898018587334,1.5,1.8660254037844388,1,1
1.0,1.0,1.0,1.0,1.0,14,6,10,0.5000000000000002,0.13397459621556118,0.21816851753197009,1.6234898018587334,0.1339745962155614,1.5,1,1
1.0,1.0,2.0,1.0,1.0,17,6,11,0.03407417371093169,0.7411809548974794,0.21816851753197009,1.6234898018587334,0.49999999999999956,1.8660254037844384,1,1
1.0,3.0,2.0,1.0,1.0,16,1,12,0.13397459621556151,0.49999999999999956,1.78183148246803,1.6234898018587336,0.9999999999999998,2.0,2,1
1.0,1.0,1.0,1.0,1.0,21,3,2,0.2928932188134523,1.7071067811865475,1.4338837391175583,0.09903113209758097,1.8660254037844386,1.5,1,1
1.0,1.0,3.0,1.0,1.0,12,5,4,1.0000000000000002,0.0,0.02507208781817638,0.7774790660436854,1.8660254037844388,0.5000000000000002,2,1
1.0,1.0,1.0,1.0,1.0,18,7,3,0.0,0.9999999999999998,0.9999999999999998,2.0,2.0,1.0,2,1
1.0,2.0,2.0,1.0,1.0,16,5,12,0.13397459621556151,0.49999999999999956,0.02507208781817638,0.7774790660436854,0.9999999999999998,2.0,1,1
1.0,1.0,3.0,1.0,1.0,10,7,2,1.5,0.1339745962155613,0.9999999999999998,2.0,1.8660254037844386,1.5,2,1
1.0,1.0,1.0,1.0,1.0,9,4,5,1.7071067811865475,0.29289321881345254,0.5661162608824419,0.09903113209758085,1.5,0.1339745962155613,1,1
1.0,1.0,1.0,1.0,1.0,15,7,1,0.29289321881345287,0.2928932188134521,0.9999999999999998,2.0,1.5,1.8660254037844388,1,1
1.0,3.0,3.0,1.0,1.0,21,7,10,0.2928932188134523,1.7071067811865475,0.9999999999999998,2.0,0.1339745962155614,1.5,2,1
1.0,1.0,1.0,2.0,1.0,15,6,5,0.29289321881345287,0.2928932188134521,0.21816851753197009,1.6234898018587334,1.5,0.1339745962155613,1,0
1.0,3.0,1.0,1.0,1.0,20,4,3,0.1339745962155614,1.5,0.5661162608824419,0.09903113209758085,2.0,1.0,1,1
1.0,3.0,1.0,1.0,1.0,0,1,9,1.0,2.0,1.78183148246803,1.6234898018587336,0.0,0.9999999999999998,2,1
1.0,1.0,3.0,1.0,1.0,8,4,3,1.8660254037844388,0.5000000000000002,0.5661162608824419,0.09903113209758085,2.0,1.0,1,1
1.0,1.0,1.0,1.0,1.0,9,4,6,1.7071067811865475,0.29289321881345254,0.5661162608824419,0.09903113209758085,1.0000000000000002,0.0,2,1
1.0,1.6786895643264867,2.0,1.0,1.0,21,6,8,0.2928932188134523,1.7071067811865475,0.21816851753197009,1.6234898018587334,0.13397459621556151,0.49999999999999956,2,1
1.0,1.0,1.0,1.0,1.0,11,1,2,1.258819045102521,0.0340741737109318,1.78183148246803,1.6234898018587336,1.8660254037844386,1.5,2,1
1.0,1.0,3.0,1.0,1.0,15,5,1,0.29289321881345287,0.2928932188134521,0.02507208781817638,0.7774790660436854,1.5,1.8660254037844388,1,1
1.0,1.0,2.0,1.0,1.0,16,2,7,0.13397459621556151,0.49999999999999956,1.9749279121818235,0.7774790660436857,0.5000000000000002,0.13397459621556118,2,1
1.0,1.0,2.0,1.0,1.0,10,6,9,1.5,0.1339745962155613,0.21816851753197009,1.6234898018587334,0.0,0.9999999999999998,2,1
1.0,1.0,2.0,1.0,1.0,15,6,5,0.29289321881345287,0.2928932188134521,0.21816851753197009,1.6234898018587334,1.5,0.1339745962155613,2,1
1.0,1.0,1.0,1.0,1.0,12,6,2,1.0000000000000002,0.0,0.21816851753197009,1.6234898018587334,1.8660254037844386,1.5,1,1
1.0,1.0,2.0,1.0,1.0,12,2,11,1.0000000000000002,0.0,1.9749279121818235,0.7774790660436857,0.49999999999999956,1.8660254037844384,2,1
1.0,1.0,1.0,1.0,1.0,13,4,2,0.7411809548974793,0.03407417371093169,0.5661162608824419,0.09903113209758085,1.8660254037844386,1.5,1,1
2.0,2.0,2.0,2.0,1.0,19,5,5,0.03407417371093158,1.2588190451025203,0.02507208781817638,0.7774790660436854,1.5,0.1339745962155613,2,1
3.0,1.0,3.0,2.0,1.0,13,1,1,0.7411809548974793,0.03407417371093169,1.78183148246803,1.6234898018587336,1.5,1.8660254037844388,2,1
1.0,1.0,3.0,1.0,1.0,15,4,10,0.29289321881345287,0.2928932188134521,0.5661162608824419,0.09903113209758085,0.1339745962155614,1.5,1,1
1.0,1.6786895643264867,1.0,1.0,1.0,16,1,12,0.13397459621556151,0.49999999999999956,1.78183148246803,1.6234898018587336,0.9999999999999998,2.0,2,1
1.0,1.0,1.0,1.0,1.0,13,1,12,0.7411809548974793,0.03407417371093169,1.78183148246803,1.6234898018587336,0.9999999999999998,2.0,1,1
1.0,1.0,3.0,1.0,1.0,12,5,3,1.0000000000000002,0.0,0.02507208781817638,0.7774790660436854,2.0,1.0,2,1
1.0,1.0,1.0,1.0,1.0,14,4,7,0.5000000000000002,0.13397459621556118,0.5661162608824419,0.09903113209758085,0.5000000000000002,0.13397459621556118,2,1
1.0,1.0,3.0,1.0,1.0,15,7,11,0.29289321881345287,0.2928932188134521,0.9999999999999998,2.0,0.49999999999999956,1.8660254037844384,2,1
1.0,1.0,1.0,1.0,1.0,13,5,6,0.7411809548974793,0.03407417371093169,0.02507208781817638,0.7774790660436854,1.0000000000000002,0.0,1,1
1.0,1.0,1.0,1.0,1.0,18,4,4,0.0,0.9999999999999998,0.5661162608824419,0.09903113209758085,1.8660254037844388,0.5000000000000002,2,1
1.0,1.0,1.0,1.0,1.0,10,1,2,1.5,0.1339745962155613,1.78183148246803,1.6234898018587336,1.8660254037844386,1.5,1,1
1.0,1.0,1.0,1.0,1.0,20,2,9,0.1339745962155614,1.5,1.9749279121818235,0.7774790660436857,0.0,0.9999999999999998,1,0
1.0,1.0,3.0,1.0,1.0,7,6,9,1.9659258262890682,0.7411809548974794,0.21816851753197009,1.6234898018587334,0.0,0.9999999999999998,1,1
1.0,1.0,3.0,1.0,1.0,10,1,5,1.5,0.1339745962155613,1.78183148246803,1.6234898018587336,1.5,0.1339745962155613,2,1
1.0,3.0,2.0,1.0,1.0,20,5,12,0.1339745962155614,1.5,0.02507208781817638,0.7774790660436854,0.9999999999999998,2.0,1,1
1.0,1.0,1.0,1.0,1.0,14,3,4,0.5000000000000002,0.13397459621556118,1.4338837391175583,0.09903113209758097,1.8660254037844388,0.5000000000000002,1,1
1.0,1.0,3.0,2.0,1.0,8,5,1,1.8660254037844388,0.5000000000000002,0.02507208781817638,0.7774790660436854,1.5,1.8660254037844388,2,1
1.0,1.0,1.0,1.0,1.0,10,6,5,1.5,0.1339745962155613,0.21816851753197009,1.6234898018587334,1.5,0.1339745962155613,1,1
1.0,1.0,1.0,1.0,1.0,15,3,2,0.29289321881345287,0.2928932188134521,1.4338837391175583,0.09903113209758097,1.8660254037844386,1.5,2,1
1.0,4.0,1.0,1.0,1.0,18,2,1,0.0,0.9999999999999998,1.9749279121818235,0.7774790660436857,1.5,1.8660254037844388,2,1
1.0,1.0,1.0,1.0,1.0,18,5,3,0.0,0.9999999999999998,0.02507208781817638,0.7774790660436854,2.0,1.0,1,1
1.0,1.0,3.0,1.0,1.0,16,3,5,0.13397459621556151,0.49999999999999956,1.4338837391175583,0.09903113209758097,1.5,0.1339745962155613,2,1
1.0,2.0,2.0,1.0,1.0,18,1,9,0.0,0.9999999999999998,1.78183148246803,1.6234898018587336,0.0,0.9999999999999998,1,1
1.0,1.0,2.0,1.0,1.0,14,4,4,0.5000000000000002,0.13397459621556118,0.5661162608824419,0.09903113209758085,1.8660254037844388,0.5000000000000002,1,1
1.0,3.0,2.0,1.0,1.0,23,2,10,0.7411809548974784,1.9659258262890682,1.9749279121818235,0.7774790660436857,0.1339745962155614,1.5,2,1
1.0,3.0,3.0,1.0,1.0,23,4,6,0.7411809548974784,1.9659258262890682,0.5661162608824419,0.09903113209758085,1.0000000000000002,0.0,2,1
1.0,1.0,2.0,1.0,1.0,15,2,8,0.29289321881345287,0.2928932188134521,1.9749279121818235,0.7774790660436857,0.13397459621556151,0.49999999999999956,2,1
1.0,1.0,2.0,1.0,1.0,16,6,2,0.13397459621556151,0.49999999999999956,0.21816851753197009,1.6234898018587334,1.8660254037844386,1.5,1,1
1.0,3.0,1.0,1.0,1.0,21,6,3,0.2928932188134523,1.7071067811865475,0.21816851753197009,1.6234898018587334,2.0,1.0,1,1
2.0,1.0,3.0,2.0,1.0,12,6,1,1.0000000000000002,0.0,0.21816851753197009,1.6234898018587334,1.5,1.8660254037844388,2,1
1.0,1.0,1.8610057336035266,1.0,1.0,19,6,6,0.03407417371093158,1.2588190451025203,0.21816851753197009,1.6234898018587334,1.0000000000000002,0.0,1,1
1.0,1.0,1.0,1.0,1.0,12,1,4,1.0000000000000002,0.0,1.78183148246803,1.6234898018587336,1.8660254037844388,0.5000000000000002,1,1
1.0,3.0,1.0,2.0,1.0,5,6,10,1.9659258262890682,1.2588190451025207,0.21816851753197009,1.6234898018587334,0.1339745962155614,1.5,2,1
1.0,3.0,2.0,3.0,1.0,22,4,2,0.49999999999999956,1.8660254037844384,0.5661162608824419,0.09903113209758085,1.8660254037844386,1.5,2,1
1.0,1.0,1.0,1.0,1.0,10,7,12,1.5,0.1339745962155613,0.9999999999999998,2.0,0.9999999999999998,2.0,1,1
3.0,1.0,1.0,4.0,1.0,7,4,2,1.9659258262890682,0.7411809548974794,0.5661162608824419,0.09903113209758085,1.8660254037844386,1.5,1,0
1.0,1.0,4.0,1.0,1.0,7,4,4,1.9659258262890682,0.7411809548974794,0.5661162608824419,0.09903113209758085,1.8660254037844388,0.5000000000000002,2,1
1.0,3.0,3.0,1.0,1.0,20,7,12,0.1339745962155614,1.5,0.9999999999999998,2.0,0.9999999999999998,2.0,2,1
1.0,1.6786895643264867,2.0,1.0,1.0,1,1,4,1.2588190451025207,1.9659258262890682,1.78183148246803,1.6234898018587336,1.8660254037844388,0.5000000000000002,1,1
1.0,1.6786895643264867,2.0,1.0,1.0,2,6,10,1.5,1.8660254037844388,0.21816851753197009,1.6234898018587334,0.1339745962155614,1.5,1,1
1.0,1.0,1.0,1.0,1.0,14,3,2,0.5000000000000002,0.13397459621556118,1.4338837391175583,0.09903113209758097,1.8660254037844386,1.5,2,1
1.0,3.0,3.0,1.0,1.0,20,5,12,0.1339745962155614,1.5,0.02507208781817638,0.7774790660436854,0.9999999999999998,2.0,2,1
1.0,1.0,3.0,1.0,1.0,12,3,7,1.0000000000000002,0.0,1.4338837391175583,0.09903113209758097,0.5000000000000002,0.13397459621556118,1,1
2.0,1.0,1.0,2.0,1.0,11,6,12,1.258819045102521,0.0340741737109318,0.21816851753197009,1.6234898018587334,0.9999999999999998,2.0,2,1
1.0,1.0,3.0,1.0,1.0,15,5,6,0.29289321881345287,0.2928932188134521,0.02507208781817638,0.7774790660436854,1.0000000000000002,0.0,2,1
1.0,3.0,3.0,1.0,1.0,19,6,6,0.03407417371093158,1.2588190451025203,0.21816851753197009,1.6234898018587334,1.0000000000000002,0.0,1,1
1.0,1.0,2.0,1.0,1.0,17,7,9,0.03407417371093169,0.7411809548974794,0.9999999999999998,2.0,0.0,0.9999999999999998,1,1
1.0,3.0,3.0,1.0,1.0,19,3,5,0.03407417371093158,1.2588190451025203,1.4338837391175583,0.09903113209758097,1.5,0.1339745962155613,2,1
1.0,1.0,2.0,1.0,1.0,11,5,8,1.258819045102521,0.0340741737109318,0.02507208781817638,0.7774790660436854,0.13397459621556151,0.49999999999999956,2,1
1.0,1.0,3.0,1.0,1.0,16,6,10,0.13397459621556151,0.49999999999999956,0.21816851753197009,1.6234898018587334,0.1339745962155614,1.5,2,1
1.0,1.0,1.0,1.0,1.0,8,6,9,1.8660254037844388,0.5000000000000002,0.21816851753197009,1.6234898018587334,0.0,0.9999999999999998,1,1
3.0,3.0,4.0,2.0,1.0,19,1,12,0.03407417371093158,1.2588190451025203,1.78183148246803,1.6234898018587336,0.9999999999999998,2.0,2,1
1.0,3.0,1.0,1.0,1.0,0,5,11,1.0,2.0,0.02507208781817638,0.7774790660436854,0.49999999999999956,1.8660254037844384,2,1
1.0,4.0,1.0,1.0,1.0,18,7,11,0.0,0.9999999999999998,0.9999999999999998,2.0,0.49999999999999956,1.8660254037844384,2,1
2.0,3.0,2.0,2.0,1.0,8,6,3,1.8660254037844388,0.5000000000000002,0.21816851753197009,1.6234898018587334,2.0,1.0,1,1
1.0,1.0,3.0,1.0,1.0,16,5,1,0.13397459621556151,0.49999999999999956,0.02507208781817638,0.7774790660436854,1.5,1.8660254037844388,1,1
1.0,4.0,1.0,1.0,1.0,20,6,9,0.1339745962155614,1.5,0.21816851753197009,1.6234898018587334,0.0,0.9999999999999998,2,1
1.0,1.0,3.0,1.0,1.0,7,2,5,1.9659258262890682,0.7411809548974794,1.9749279121818235,0.7774790660436857,1.5,0.1339745962155613,2,1
1.0,1.0,2.0,1.0,1.0,8,6,2,1.8660254037844388,0.5000000000000002,0.21816851753197009,1.6234898018587334,1.8660254037844386,1.5,2,1
1.0,1.0,1.0,1.0,1.0,9,6,1,1.7071067811865475,0.29289321881345254,0.21816851753197009,1.6234898018587334,1.5,1.8660254037844388,2,1
1.0,4.0,1.0,1.0,1.0,20,7,10,0.1339745962155614,1.5,0.9999999999999998,2.0,0.1339745962155614,1.5,1,1
1.0,3.0,3.0,2.0,1.0,0,5,4,1.0,2.0,0.02507208781817638,0.7774790660436854,1.8660254037844388,0.5000000000000002,1,1
1.0,1.0,1.0,1.0,1.0,11,7,9,1.258819045102521,0.0340741737109318,0.9999999999999998,2.0,0.0,0.9999999999999998,1,1
1.0,1.0,1.0,1.0,1.0,15,2,12,0.29289321881345287,0.2928932188134521,1.9749279121818235,0.7774790660436857,0.9999999999999998,2.0,1,1
1.0,3.0,3.0,3.0,1.0,21,5,11,0.2928932188134523,1.7071067811865475,0.02507208781817638,0.7774790660436854,0.49999999999999956,1.8660254037844384,2,0
1.0,1.0,1.0,1.0,1.0,14,5,7,0.5000000000000002,0.13397459621556118,0.02507208781817638,0.7774790660436854,0.5000000000000002,0.13397459621556118,2,1
1.0,1.0,1.0,1.0,1.0,18,7,7,0.0,0.9999999999999998,0.9999999999999998,2.0,0.5000000000000002,0.13397459621556118,1,1
1.0,2.0,2.0,1.0,1.0,6,6,9,2.0,1.0,0.21816851753197009,1.6234898018587334,0.0,0.9999999999999998,1,1
1.0,1.0,1.0,1.0,1.0,17,6,10,0.03407417371093169,0.7411809548974794,0.21816851753197009,1.6234898018587334,0.1339745962155614,1.5,1,1
1.0,3.0,3.0,1.0,1.0,19,2,2,0.03407417371093158,1.2588190451025203,1.9749279121818235,0.7774790660436857,1.8660254037844386,1.5,1,1
1.0,1.0,3.0,1.0,1.0,15,3,8,0.29289321881345287,0.2928932188134521,1.4338837391175583,0.09903113209758097,0.13397459621556151,0.49999999999999956,2,1
1.0,3.0,2.0,1.0,1.0,6,4,10,2.0,1.0,0.5661162608824419,0.09903113209758085,0.1339745962155614,1.5,1,1
1.0,1.0,1.0,1.0,1.0,12,7,1,1.0000000000000002,0.0,0.9999999999999998,2.0,1.5,1.8660254037844388,1,1
2.0,3.0,1.0,2.0,1.0,6,4,12,2.0,1.0,0.5661162608824419,0.09903113209758085,0.9999999999999998,2.0,2,0
1.0,1.0,2.0,1.0,1.0,15,3,8,0.29289321881345287,0.2928932188134521,1.4338837391175583,0.09903113209758097,0.13397459621556151,0.49999999999999956,2,1
1.0,1.0,3.0,2.0,1.0,18,5,5,0.0,0.9999999999999998,0.02507208781817638,0.7774790660436854,1.5,0.1339745962155613,2,1
1.0,1.0,3.0,1.0,1.0,16,2,4,0.13397459621556151,0.49999999999999956,1.9749279121818235,0.7774790660436857,1.8660254037844388,0.5000000000000002,1,1
1.0,3.0,1.0,1.0,1.0,18,3,10,0.0,0.9999999999999998,1.4338837391175583,0.09903113209758097,0.1339745962155614,1.5,1,1
2.0,1.0,1.0,2.0,1.0,17,7,4,0.03407417371093169,0.7411809548974794,0.9999999999999998,2.0,1.8660254037844388,0.5000000000000002,1,1
1.0,3.0,2.0,1.0,1.0,1,1,8,1.2588190451025207,1.9659258262890682,1.78183148246803,1.6234898018587336,0.13397459621556151,0.49999999999999956,1,1
1.0,1.0,1.0,1.0,1.0,12,3,8,1.0000000000000002,0.0,1.4338837391175583,0.09903113209758097,0.13397459621556151,0.49999999999999956,1,1
1.0,3.0,3.0,1.0,1.0,23,2,8,0.7411809548974784,1.9659258262890682,1.9749279121818235,0.7774790660436857,0.13397459621556151,0.49999999999999956,2,1
1.0,1.0,3.0,1.0,1.0,15,4,9,0.29289321881345287,0.2928932188134521,0.5661162608824419,0.09903113209758085,0.0,0.9999999999999998,2,1
1.0,3.0,3.0,1.0,1.0,1,2,11,1.2588190451025207,1.9659258262890682,1.9749279121818235,0.7774790660436857,0.49999999999999956,1.8660254037844384,2,1
1.0,1.0,3.0,1.0,1.0,10,4,3,1.5,0.1339745962155613,0.5661162608824419,0.09903113209758085,2.0,1.0,1,1
1.0,1.0,2.0,1.0,1.0,15,2,8,0.29289321881345287,0.2928932188134521,1.9749279121818235,0.7774790660436857,0.13397459621556151,0.49999999999999956,1,1
1.0,1.0,3.0,1.0,1.0,11,2,5,1.258819045102521,0.0340741737109318,1.9749279121818235,0.7774790660436857,1.5,0.1339745962155613,2,1
1.0,1.0,3.0,1.0,1.0,14,6,9,0.5000000000000002,0.13397459621556118,0.21816851753197009,1.6234898018587334,0.0,0.9999999999999998,2,1
1.0,3.0,1.0,1.0,1.0,0,7,5,1.0,2.0,0.9999999999999998,2.0,1.5,0.1339745962155613,2,1
1.0,2.0,1.0,1.0,1.0,9,3,9,1.7071067811865475,0.29289321881345254,1.4338837391175583,0.09903113209758097,0.0,0.9999999999999998,1,1
1.0,3.0,1.0,1.0,1.0,21,6,12,0.2928932188134523,1.7071067811865475,0.21816851753197009,1.6234898018587334,0.9999999999999998,2.0,2,1
1.0,1.0,1.0,1.0,1.0,12,6,6,1.0000000000000002,0.0,0.21816851753197009,1.6234898018587334,1.0000000000000002,0.0,1,1
1.0,1.0,1.0,1.0,1.0,7,5,5,1.9659258262890682,0.7411809548974794,0.02507208781817638,0.7774790660436854,1.5,0.1339745962155613,1,0
1.0,1.0,1.0,1.0,1.0,17,4,5,0.03407417371093169,0.7411809548974794,0.5661162608824419,0.09903113209758085,1.5,0.1339745962155613,1,1
1.0,1.0,1.0,1.0,1.0,11,2,3,1.258819045102521,0.0340741737109318,1.9749279121818235,0.7774790660436857,2.0,1.0,1,1
1.0,1.0,3.0,1.0,1.0,16,7,4,0.13397459621556151,0.49999999999999956,0.9999999999999998,2.0,1.8660254037844388,0.5000000000000002,2,1
1.0,1.0,1.0,1.0,1.0,17,4,3,0.03407417371093169,0.7411809548974794,0.5661162608824419,0.09903113209758085,2.0,1.0,2,1
3.0,1.0,2.0,2.0,1.0,12,4,2,1.0000000000000002,0.0,0.5661162608824419,0.09903113209758085,1.8660254037844386,1.5,1,1
1.0,3.0,2.0,1.0,1.0,0,6,3,1.0,2.0,0.21816851753197009,1.6234898018587334,2.0,1.0,1,1
3.0,4.0,3.0,3.0,1.0,17,5,2,0.03407417371093169,0.7411809548974794,0.02507208781817638,0.7774790660436854,1.8660254037844386,1.5,2,1
1.0,1.0,3.0,1.0,1.0,15,3,1,0.29289321881345287,0.2928932188134521,1.4338837391175583,0.09903113209758097,1.5,1.8660254037844388,2,1
1.0,1.0,3.0,1.0,1.0,18,5,4,0.0,0.9999999999999998,0.02507208781817638,0.7774790660436854,1.8660254037844388,0.5000000000000002,1,1
1.0,3.0,3.0,2.0,1.0,20,2,8,0.1339745962155614,1.5,1.9749279121818235,0.7774790660436857,0.13397459621556151,0.49999999999999956,2,1
2.0,1.0,1.0,2.0,1.0,7,4,3,1.9659258262890682,0.7411809548974794,0.5661162608824419,0.09903113209758085,2.0,1.0,1,1
1.0,1.0,1.0,1.0,1.0,16,4,4,0.13397459621556151,0.49999999999999956,0.5661162608824419,0.09903113209758085,1.8660254037844388,0.5000000000000002,1,1
1.0,1.0,2.0,1.0,1.0,14,4,8,0.5000000000000002,0.13397459621556118,0.5661162608824419,0.09903113209758085,0.13397459621556151,0.49999999999999956,2,1
1.0,1.0,1.0,1.0,1.0,17,6,9,0.03407417371093169,0.7411809548974794,0.21816851753197009,1.6234898018587334,0.0,0.9999999999999998,1,1
1.0,1.0,1.0,1.0,1.0,15,5,12,0.29289321881345287,0.2928932188134521,0.02507208781817638,0.7774790660436854,0.9999999999999998,2.0,1,1
1.0,1.0,2.0,1.0,1.0,9,6,1,1.7071067811865475,0.29289321881345254,0.21816851753197009,1.6234898018587334,1.5,1.8660254037844388,1,1
1.0,1.0,3.0,1.0,1.0,17,3,4,0.03407417371093169,0.7411809548974794,1.4338837391175583,0.09903113209758097,1.8660254037844388,0.5000000000000002,1,1
1.0,1.0,1.0,1.0,1.0,13,6,1,0.7411809548974793,0.03407417371093169,0.21816851753197009,1.6234898018587334,1.5,1.8660254037844388,1,1
1.0,1.0,2.0,1.0,1.0,12,7,9,1.0000000000000002,0.0,0.9999999999999998,2.0,0.0,0.9999999999999998,1,1