weather_condition,lighting_condition,trafficway_type,roadway_surface_cond,road_defect,crash_hour,crash_day_of_week,crash_month,crash_hour_sin,crash_hour_cos,crash_day_sin,crash_day_cos,crash_month_sin,crash_month_cos,crash_type,intersection_related_i
2.0,3.0,3.0,2.0,1.0,22,7,6,0.49999999999999956,1.8660254037844384,0.9999999999999998,2.0,1.0000000000000002,0.0,2,1
2.0,1.0,2.0,1.0,1.0,15,1,12,0.29289321881345287,0.2928932188134521,1.78183148246803,1.6234898018587336,0.9999999999999998,2.0,1,1
1.0,1.0,1.0,1.0,1.0,19,7,7,0.03407417371093158,1.2588190451025203,0.9999999999999998,2.0,0.5000000000000002,0.13397459621556118,1,1
1.0,1.0,1.0,1.0,1.0,8,5,2,1.8660254037844388,0.5000000000000002,0.02507208781817638,0.7774790660436854,1.8660254037844386,1.5,1,1
1.0,3.0,3.0,2.0,1.0,19,6,10,0.03407417371093158,1.2588190451025203,0.21816851753197009,1.6234898018587334,0.1339745962155614,1.5,2,1
1.0,1.0,1.0,1.0,1.0,12,5,4,1.0000000000000002,0.0,0.02507208781817638,0.7774790660436854,1.8660254037844388,0.5000000000000002,1,1
1.0,1.0,1.0,1.0,1.0,13,4,6,0.7411809548974793,0.03407417371093169,0.5661162608824419,0.09903113209758085,1.0000000000000002,0.0,2,1
1.0,1.0,1.0,1.0,1.0,13,7,2,0.7411809548974793,0.03407417371093169,0.9999999999999998,2.0,1.8660254037844386,1.5,2,1
1.0,3.0,3.0,1.0,1.0,22,7,7,0.49999999999999956,1.8660254037844384,0.9999999999999998,2.0,0.5000000000000002,0.13397459621556118,1,0
1.0,1.0,2.0,1.0,1.0,8,4,7,1.8660254037844388,0.5000000000000002,0.5661162608824419,0.09903113209758085,0.5000000000000002,0.13397459621556118,1,1
1.0,3.0,1.0,1.0,1.0,3,5,5,1.7071067811865475,1.7071067811865475,0.02507208781817638,0.7774790660436854,1.5,0.1339745962155613,2,1
1.0,1.0,1.0,1.0,1.0,14,3,10,0.5000000000000002,0.13397459621556118,1.4338837391175583,0.09903113209758097,0.1339745962155614,1.5,2,1
1.0,1.0,1.0,1.0,1.0,15,6,2,0.29289321881345287,0.2928932188134521,0.21816851753197009,1.6234898018587334,1.8660254037844386,1.5,1,1
1.0,1.0,1.0,1.0,1.0,17,3,4,0.03407417371093169,0.7411809548974794,1.4338837391175583,0.09903113209758097,1.8660254037844388,0.5000000000000002,2,1
1.0,1.0,3.0,1.0,1.0,13,5,6,0.7411809548974793,0.03407417371093169,0.02507208781817638,0.7774790660436854,1.0000000000000002,0.0,2,1
1.0,2.0,1.0,1.0,1.0,18,4,5,0.0,0.9999999999999998,0.5661162608824419,0.09903113209758085,1.5,0.1339745962155613,2,1
1.0,1.0,3.0,1.0,1.0,7,5,3,1.9659258262890682,0.7411809548974794,0.02507208781817638,0.7774790660436854,2.0,1.0,1,1
2.0,1.0,1.0,2.0,1.0,17,4,4,0.03407417371093169,0.7411809548974794,0.5661162608824419,0.09903113209758085,1.8660254037844388,0.5000000000000002,1,1
1.0,1.0,2.0,1.0,1.0,16,2,3,0.13397459621556151,0.49999999999999956,1.9749279121818235,0.7774790660436857,2.0,1.0,1,1
2.0,1.0,1.0,2.0,1.0,7,5,11,1.9659258262890682,0.7411809548974794,0.02507208781817638,0.7774790660436854,0.49999999999999956,1.8660254037844384,1,1
1.0,1.0,2.0,1.0,1.0,13,3,3,0.7411809548974793,0.03407417371093169,1.4338837391175583,0.09903113209758097,2.0,1.0,1,1
1.0,1.0,3.0,1.0,1.0,11,3,3,1.258819045102521,0.0340741737109318,1.4338837391175583,0.09903113209758097,2.0,1.0,2,1
1.0,3.0,1.0,1.0,1.0,17,5,12,0.03407417371093169,0.7411809548974794,0.02507208781817638,0.7774790660436854,0.9999999999999998,2.0,2,1
1.0,3.0,1.0,1.0,1.0,18,2,3,0.0,0.9999999999999998,1.9749279121818235,0.7774790660436857,2.0,1.0,1,1
1.0,3.0,1.0,1.0,1.0,20,1,9,0.1339745962155614,1.5,1.78183148246803,1.6234898018587336,0.0,0.9999999999999998,1,1
1.0,1.0,3.0,1.0,1.0,15,3,2,0.29289321881345287,0.2928932188134521,1.4338837391175583,0.09903113209758097,1.8660254037844386,1.5,1,1
1.0,1.0,1.0,1.0,1.0,15,5,8,0.29289321881345287,0.2928932188134521,0.02507208781817638,0.7774790660436854,0.13397459621556151,0.49999999999999956,1,0
1.0,1.0,1.0,1.0,1.0,12,7,11,1.0000000000000002,0.0,0.9999999999999998,2.0,0.49999999999999956,1.8660254037844384,1,1
1.0,1.0,3.0,1.0,1.0,10,1,8,1.5,0.1339745962155613,1.78183148246803,1.6234898018587336,0.13397459621556151,0.49999999999999956,2,1
1.0,3.0,2.0,1.0,1.0,1,7,8,1.2588190451025207,1.9659258262890682,0.9999999999999998,2.0,0.13397459621556151,0.49999999999999956,1,1
2.0,3.0,1.0,2.0,1.0,19,1,3,0.03407417371093158,1.2588190451025203,1.78183148246803,1.6234898018587336,2.0,1.0,2,1
1.0,1.0,1.0,1.0,1.0,8,3,7,1.8660254037844388,0.5000000000000002,1.4338837391175583,0.09903113209758097,0.5000000000000002,0.13397459621556118,1,1
1.0,4.0,1.0,1.0,1.0,21,5,3,0.2928932188134523,1.7071067811865475,0.02507208781817638,0.7774790660436854,2.0,1.0,2,1
1.0,1.0,1.0,1.0,1.0,14,6,10,0.5000000000000002,0.13397459621556118,0.21816851753197009,1.6234898018587334,0.1339745962155614,1.5,2,1
1.0,1.0,1.0,1.0,1.0,12,7,12,1.0000000000000002,0.0,0.9999999999999998,2.0,0.9999999999999998,2.0,1,1
1.0,3.0,3.0,1.0,1.0,0,6,9,1.0,2.0,0.21816851753197009,1.6234898018587334,0.0,0.9999999999999998,1,1
1.0,3.0,1.0,1.0,1.0,23,4,9,0.7411809548974784,1.9659258262890682,0.5661162608824419,0.09903113209758085,0.0,0.9999999999999998,1,1
1.0,1.0,3.0,1.0,1.0,8,2,12,1.8660254037844388,0.5000000000000002,1.9749279121818235,0.7774790660436857,0.9999999999999998,2.0,1,1
1.0,1.0,1.0,1.0,1.0,11,1,9,1.258819045102521,0.0340741737109318,1.78183148246803,1.6234898018587336,0.0,0.9999999999999998,1,1
1.0,1.0,1.0,1.0,1.0,15,4,2,0.29289321881345287,0.2928932188134521,0.5661162608824419,0.09903113209758085,1.8660254037844386,1.5,2,1
1.0,1.0,1.0,1.0,1.0,8,4,5,1.8660254037844388,0.5000000000000002,0.5661162608824419,0.09903113209758085,1.5,0.1339745962155613,1,1
1.0,2.0,3.0,1.0,1.0,19,2,10,0.03407417371093158,1.2588190451025203,1.9749279121818235,0.7774790660436857,0.1339745962155614,1.5,1,1
1.0,1.0,1.0,1.0,1.0,10,3,1,1.5,0.1339745962155613,1.4338837391175583,0.09903113209758097,1.5,1.8660254037844388,1,1
1.0,1.0,1.0,1.0,1.0,15,7,12,0.29289321881345287,0.2928932188134521,0.9999999999999998,2.0,0.9999999999999998,2.0,1,1
1.0,1.0,3.0,1.0,1.0,12,6,10,1.0000000000000002,0.0,0.21816851753197009,1.6234898018587334,0.1339745962155614,1.5,1,1
1.0,3.0,1.0,1.0,1.0,2,2,12,1.5,1.8660254037844388,1.9749279121818235,0.7774790660436857,0.9999999999999998,2.0,2,1
1.0,4.0,2.0,1.0,1.0,21,6,12,0.2928932188134523,1.7071067811865475,0.21816851753197009,1.6234898018587334,0.9999999999999998,2.0,2,1
2.0,1.0,1.0,2.0,1.0,12,4,2,1.0000000000000002,0.0,0.5661162608824419,0.09903113209758085,1.8660254037844386,1.5,1,1
1.0,1.0,3.0,1.0,1.0,14,2,6,0.5000000000000002,0.13397459621556118,1.9749279121818235,0.7774790660436857,1.0000000000000002,0.0,1,1
1.0,3.0,2.0,1.0,1.0,22,4,9,0.49999999999999956,1.8660254037844384,0.5661162608824419,0.09903113209758085,0.0,0.9999999999999998,1,1
2.0,2.0,1.0,2.0,1.0,17,6,1,0.03407417371093169,0.7411809548974794,0.21816851753197009,1.6234898018587334,1.5,1.8660254037844388,1,1
4.0,1.0,1.0,2.0,1.0,13,2,1,0.7411809548974793,0.03407417371093169,1.9749279121818235,0.7774790660436857,1.5,1.8660254037844388,1,1
1.0,1.0,3.0,1.0,1.0,17,5,5,0.03407417371093169,0.7411809548974794,0.02507208781817638,0.7774790660436854,1.5,0.1339745962155613,1,1
1.0,3.0,1.0,1.0,1.0,20,2,6,0.1339745962155614,1.5,1.9749279121818235,0.7774790660436857,1.0000000000000002,0.0,2,1
2.0,1.0,3.0,2.0,1.0,16,3,10,0.13397459621556151,0.49999999999999956,1.4338837391175583,0.09903113209758097,0.1339745962155614,1.5,1,1
1.0,1.0,3.0,1.0,1.0,15,4,10,0.29289321881345287,0.2928932188134521,0.5661162608824419,0.09903113209758085,0.1339745962155614,1.5,1,1
1.0,1.0,1.0,1.0,1.0,14,6,12,0.5000000000000002,0.13397459621556118,0.21816851753197009,1.6234898018587334,0.9999999999999998,2.0,1,1
1.0,3.0,1.0,1.0,4.0,22,1,8,0.49999999999999956,1.8660254037844384,1.78183148246803,1.6234898018587336,0.13397459621556151,0.49999999999999956,1,0
1.0,1.0,1.0,1.0,1.0,9,6,8,1.7071067811865475,0.29289321881345254,0.21816851753197009,1.6234898018587334,0.13397459621556151,0.49999999999999956,1,0
1.0,1.0,3.0,1.0,1.0,15,4,10,0.29289321881345287,0.2928932188134521,0.5661162608824419,0.09903113209758085,0.1339745962155614,1.5,1,1
1.0,4.0,3.0,1.0,1.0,20,5,10,0.1339745962155614,1.5,0.02507208781817638,0.7774790660436854,0.1339745962155614,1.5,1,1
1.0,1.0,1.0,1.0,1.0,18,5,5,0.0,0.9999999999999998,0.02507208781817638,0.7774790660436854,1.5,0.1339745962155613,1,1
2.0,1.0,2.0,1.0,1.0,7,5,7,1.9659258262890682,0.7411809548974794,0.02507208781817638,0.7774790660436854,0.5000000000000002,0.13397459621556118,1,1
1.0,1.0,3.0,1.0,1.0,16,7,11,0.13397459621556151,0.49999999999999956,0.9999999999999998,2.0,0.49999999999999956,1.8660254037844384,1,1
1.0,1.0,1.0,1.0,1.0,8,5,8,1.8660254037844388,0.5000000000000002,0.02507208781817638,0.7774790660436854,0.13397459621556151,0.49999999999999956,1,1
1.0,1.0,2.0,1.0,1.0,18,7,6,0.0,0.9999999999999998,0.9999999999999998,2.0,1.0000000000000002,0.0,2,1
2.0,1.0,1.0,2.0,1.0,15,3,1,0.29289321881345287,0.2928932188134521,1.4338837391175583,0.09903113209758097,1.5,1.8660254037844388,1,1
2.0,1.0,1.0,2.0,1.0,8,3,5,1.8660254037844388,0.5000000000000002,1.4338837391175583,0.09903113209758097,1.5,0.1339745962155613,1,1
1.0,1.6786895643264867,2.0,1.0,1.0,15,2,12,0.29289321881345287,0.2928932188134521,1.9749279121818235,0.7774790660436857,0.9999999999999998,2.0,1,1
1.0,1.0,3.0,1.0,1.0,10,4,6,1.5,0.1339745962155613,0.5661162608824419,0.09903113209758085,1.0000000000000002,0.0,1,1
1.0,1.0,3.0,1.0,1.0,12,3,2,1.0000000000000002,0.0,1.4338837391175583,0.09903113209758097,1.8660254037844386,1.5,1,1
1.0,3.0,4.0,1.0,1.0,22,3,5,0.49999999999999956,1.8660254037844384,1.4338837391175583,0.09903113209758097,1.5,0.1339745962155613,2,1
1.0,1.0,3.0,1.0,1.0,17,4,6,0.03407417371093169,0.7411809548974794,0.5661162608824419,0.09903113209758085,1.0000000000000002,0.0,1,1
1.0,1.0,3.0,1.0,1.0,17,3,10,0.03407417371093169,0.7411809548974794,1.4338837391175583,0.09903113209758097,0.1339745962155614,1.5,1,1
1.0,1.0,1.0,1.0,1.0,10,3,8,1.5,0.1339745962155613,1.4338837391175583,0.09903113209758097,0.13397459621556151,0.49999999999999956,2,1
1.0,1.0,2.0,1.0,1.0,13,4,1,0.7411809548974793,0.03407417371093169,0.5661162608824419,0.09903113209758085,1.5,1.8660254037844388,1,1
1.0,1.0,2.0,1.0,1.0,8,5,5,1.8660254037844388,0.5000000000000002,0.02507208781817638,0.7774790660436854,1.5,0.1339745962155613,2,1
2.0,4.0,3.0,2.0,1.0,12,3,4,1.0000000000000002,0.0,1.4338837391175583,0.09903113209758097,1.8660254037844388,0.5000000000000002,2,1
1.0,1.0,3.0,1.0,1.0,10,7,12,1.5,0.1339745962155613,0.9999999999999998,2.0,0.9999999999999998,2.0,1,1
1.0,1.0,1.0,1.0,1.0,15,5,3,0.29289321881345287,0.2928932188134521,0.02507208781817638,0.7774790660436854,2.0,1.0,1,1
1.0,1.0,3.0,1.0,1.0,11,2,11,1.258819045102521,0.0340741737109318,1.9749279121818235,0.7774790660436857,0.49999999999999956,1.8660254037844384,1,1
1.0,1.0,1.0,1.0,1.0,17,3,5,0.03407417371093169,0.7411809548974794,1.4338837391175583,0.09903113209758097,1.5,0.1339745962155613,2,1
1.0,1.0,1.0,1.0,1.0,8,4,11,1.8660254037844388,0.5000000000000002,0.5661162608824419,0.09903113209758085,0.49999999999999956,1.8660254037844384,1,1
1.0,3.0,2.0,1.0,1.0,4,1,3,1.8660254037844386,1.5,1.78183148246803,1.6234898018587336,2.0,1.0,2,1
1.0,1.0,3.0,1.0,1.0,16,6,3,0.13397459621556151,0.49999999999999956,0.21816851753197009,1.6234898018587334,2.0,1.0,2,1
1.0,4.0,3.0,1.0,1.0,21,4,6,0.2928932188134523,1.7071067811865475,0.5661162608824419,0.09903113209758085,1.0000000000000002,0.0,2,1
1.0,1.0,3.0,1.0,1.0,10,1,3,1.5,0.1339745962155613,1.78183148246803,1.6234898018587336,2.0,1.0,2,1
1.0,3.0,2.0,1.0,1.0,0,5,9,1.0,2.0,0.02507208781817638,0.7774790660436854,0.0,0.9999999999999998,2,1
1.0,1.0,1.0,1.0,1.0,13,7,3,0.7411809548974793,0.03407417371093169,0.9999999999999998,2.0,2.0,1.0,1,1
1.0,1.0,2.0,1.0,1.0,8,2,10,1.8660254037844388,0.5000000000000002,1.9749279121818235,0.7774790660436857,0.1339745962155614,1.5,2,1
1.0,3.0,3.0,1.0,1.0,19,4,10,0.03407417371093158,1.2588190451025203,0.5661162608824419,0.09903113209758085,0.1339745962155614,1.5,2,1
1.0,3.0,1.0,1.0,1.0,0,7,9,1.0,2.0,0.9999999999999998,2.0,0.0,0.9999999999999998,2,1
1.0,1.0,2.0,1.0,1.0,12,5,3,1.0000000000000002,0.0,0.02507208781817638,0.7774790660436854,2.0,1.0,1,1
1.0,1.0,2.0,1.0,1.0,14,4,8,0.5000000000000002,0.13397459621556118,0.5661162608824419,0.09903113209758085,0.13397459621556151,0.49999999999999956,1,1
1.0,1.0,2.0,2.0,1.0,8,2,9,1.8660254037844388,0.5000000000000002,1.9749279121818235,0.7774790660436857,0.0,0.9999999999999998,1,1
1.0,1.0,1.0,1.0,1.0,18,7,9,0.0,0.9999999999999998,0.9999999999999998,2.0,0.0,0.9999999999999998,1,1
1.0,1.0,3.0,1.0,1.0,15,5,1,0.29289321881345287,0.2928932188134521,0.02507208781817638,0.7774790660436854,1.5,1.8660254037844388,1,1
1.0,1.0,1.0,1.0,1.0,17,5,6,0.03407417371093169,0.7411809548974794,0.02507208781817638,0.7774790660436854,1.0000000000000002,0.0,2,1
1.0,1.0,1.0,1.0,1.0,13,1,1,0.7411809548974793,0.03407417371093169,1.78183148246803,1.6234898018587336,1.5,1.8660254037844388,2,1
1.0,3.0,1.0,1.0,1.0,23,7,12,0.7411809548974784,1.9659258262890682,0.9999999999999998,2.0,0.9999999999999998,2.0,2,1
1.0,1.0,1.0,1.0,1.0,17,6,8,0.03407417371093169,0.7411809548974794,0.21816851753197009,1.6234898018587334,0.13397459621556151,0.49999999999999956,1,1
1.0,1.0,1.0,1.0,1.0,10,6,5,1.5,0.1339745962155613,0.21816851753197009,1.6234898018587334,1.5,0.1339745962155613,1,1
1.0,1.0,2.0,1.0,1.0,14,3,7,0.5000000000000002,0.13397459621556118,1.4338837391175583,0.09903113209758097,0.5000000000000002,0.13397459621556118,1,1
1.0,1.0,1.0,1.0,1.0,14,3,5,0.5000000000000002,0.13397459621556118,1.4338837391175583,0.09903113209758097,1.5,0.1339745962155613,1,1
1.0,1.0,3.0,1.0,1.0,11,4,10,1.258819045102521,0.0340741737109318,0.5661162608824419,0.09903113209758085,0.1339745962155614,1.5,1,1
1.0,3.0,3.0,1.0,1.0,7,2,2,1.9659258262890682,0.7411809548974794,1.9749279121818235,0.7774790660436857,1.8660254037844386,1.5,1,1
1.0,1.0,2.0,1.0,1.0,17,6,9,0.03407417371093169,0.7411809548974794,0.21816851753197009,1.6234898018587334,0.0,0.9999999999999998,1,1
2.0,2.0,1.0,2.0,1.0,16,3,1,0.13397459621556151,0.49999999999999956,1.4338837391175583,0.09903113209758097,1.5,1.8660254037844388,2,1
1.0,4.0,1.0,1.0,1.0,18,4,11,0.0,0.9999999999999998,0.5661162608824419,0.09903113209758085,0.49999999999999956,1.8660254037844384,2,1
1.0,1.0,1.0,1.0,1.0,16,4,8,0.13397459621556151,0.49999999999999956,0.5661162608824419,0.09903113209758085,0.13397459621556151,0.49999999999999956,1,1
1.0,1.0,3.0,1.0,1.0,14,5,10,0.5000000000000002,0.13397459621556118,0.02507208781817638,0.7774790660436854,0.1339745962155614,1.5,1,1
3.0,3.0,3.0,3.0,1.0,18,6,1,0.0,0.9999999999999998,0.21816851753197009,1.6234898018587334,1.5,1.8660254037844388,2,1
1.0,1.0,1.0,1.0,1.0,14,5,3,0.5000000000000002,0.13397459621556118,0.02507208781817638,0.7774790660436854,2.0,1.0,1,1
1.0,3.0,1.0,1.0,1.0,22,4,9,0.49999999999999956,1.8660254037844384,0.5661162608824419,0.09903113209758085,0.0,0.9999999999999998,1,1
1.0,1.0,1.0,1.0,1.0,12,5,7,1.0000000000000002,0.0,0.02507208781817638,0.7774790660436854,0.5000000000000002,0.13397459621556118,1,1
2.0,1.0,2.0,2.0,1.0,13,3,4,0.7411809548974793,0.03407417371093169,1.4338837391175583,0.09903113209758097,1.8660254037844388,0.5000000000000002,2,1
1.0,3.0,3.0,1.0,1.0,19,1,4,0.03407417371093158,1.2588190451025203,1.78183148246803,1.6234898018587336,1.8660254037844388,0.5000000000000002,2,1
2.0,2.0,1.0,1.0,1.0,19,2,9,0.03407417371093158,1.2588190451025203,1.9749279121818235,0.7774790660436857,0.0,0.9999999999999998,1,1
1.0,3.0,2.0,1.0,1.0,17,3,11,0.03407417371093169,0.7411809548974794,1.4338837391175583,0.09903113209758097,0.49999999999999956,1.8660254037844384,1,1
1.0,3.0,1.0,1.0,1.0,21,4,8,0.2928932188134523,1.7071067811865475,0.5661162608824419,0.09903113209758085,0.13397459621556151,0.49999999999999956,2,1
1.0,1.0,1.0,1.0,1.0,10,6,5,1.5,0.1339745962155613,0.21816851753197009,1.6234898018587334,1.5,0.1339745962155613,1,1
1.0,1.0,1.0,1.0,1.0,9,6,2,1.7071067811865475,0.29289321881345254,0.21816851753197009,1.6234898018587334,1.8660254037844386,1.5,1,1
1.0,1.0,1.0,1.0,1.0,8,4,4,1.8660254037844388,0.5000000000000002,0.5661162608824419,0.09903113209758085,1.8660254037844388,0.5000000000000002,1,1
2.0,1.0,1.0,2.0,1.0,10,7,4,1.5,0.1339745962155613,0.9999999999999998,2.0,1.8660254037844388,0.5000000000000002,2,1
1.0,1.0,1.0,1.0,1.0,8,4,7,1.8660254037844388,0.5000000000000002,0.5661162608824419,0.09903113209758085,0.5000000000000002,0.13397459621556118,1,1
1.0,3.0,1.0,1.0,1.0,3,7,6,1.7071067811865475,1.7071067811865475,0.9999999999999998,2.0,1.0000000000000002,0.0,2,1
1.0,3.0,3.0,1.0,1.0,2,7,6,1.5,1.8660254037844388,0.9999999999999998,2.0,1.0000000000000002,0.0,2,0
3.0,1.0,2.0,1.0,1.0,13,3,2,0.7411809548974793,0.03407417371093169,1.4338837391175583,0.09903113209758097,1.8660254037844386,1.5,1,1
1.0,1.0,1.0,1.0,1.0,16,6,4,0.13397459621556151,0.49999999999999956,0.21816851753197009,1.6234898018587334,1.8660254037844388,0.5000000000000002,1,1
1.0,1.0,1.0,1.0,1.0,18,2,9,0.0,0.9999999999999998,1.9749279121818235,0.7774790660436857,0.0,0.9999999999999998,2,1
1.0,3.0,3.0,1.0,1.0,21,7,2,0.2928932188134523,1.7071067811865475,0.9999999999999998,2.0,1.8660254037844386,1.5,2,1
1.0,1.0,1.0,1.0,1.0,13,1,10,0.7411809548974793,0.03407417371093169,1.78183148246803,1.6234898018587336,0.1339745962155614,1.5,2,1
1.0,1.0,1.0,1.0,1.0,8,4,2,1.8660254037844388,0.5000000000000002,0.5661162608824419,0.09903113209758085,1.8660254037844386,1.5,2,1
1.0,3.0,1.0,1.0,1.0,20,6,4,0.1339745962155614,1.5,0.21816851753197009,1.6234898018587334,1.8660254037844388,0.5000000000000002,1,1
1.0,2.0,1.0,2.0,1.0,7,2,1,1.9659258262890682,0.7411809548974794,1.9749279121818235,0.7774790660436857,1.5,1.8660254037844388,1,1
1.0,1.0,3.0,1.0,1.0,10,6,4,1.5,0.1339745962155613,0.21816851753197009,1.6234898018587334,1.8660254037844388,0.5000000000000002,1,1
2.0,1.0,1.0,2.0,1.0,8,7,5,1.8660254037844388,0.5000000000000002,0.9999999999999998,2.0,1.5,0.1339745962155613,2,1
1.0,3.0,1.0,1.0,1.0,17,5,1,0.03407417371093169,0.7411809548974794,0.02507208781817638,0.7774790660436854,1.5,1.8660254037844388,1,1
1.0,3.0,2.0,1.0,1.0,20,3,10,0.1339745962155614,1.5,1.4338837391175583,0.09903113209758097,0.1339745962155614,1.5,1,1
1.0,3.0,1.0,1.0,1.0,20,7,9,0.1339745962155614,1.5,0.9999999999999998,2.0,0.0,0.9999999999999998,1,1
1.0,1.0,3.0,1.0,1.0,7,2,9,1.9659258262890682,0.7411809548974794,1.9749279121818235,0.7774790660436857,0.0,0.9999999999999998,1,1
2.0,1.0,2.0,1.0,1.0,16,6,10,0.13397459621556151,0.49999999999999956,0.21816851753197009,1.6234898018587334,0.1339745962155614,1.5,1,1
1.0,1.0,3.0,1.0,1.0,13,4,8,0.7411809548974793,0.03407417371093169,0.5661162608824419,0.09903113209758085,0.13397459621556151,0.49999999999999956,1,1
1.0,1.6786895643264867,2.0,1.0,1.0,13,3,9,0.7411809548974793,0.03407417371093169,1.4338837391175583,0.09903113209758097,0.0,0.9999999999999998,2,1
1.0,1.0,2.0,1.0,1.0,16,4,12,0.13397459621556151,0.49999999999999956,0.5661162608824419,0.09903113209758085,0.9999999999999998,2.0,1,1
1.0,1.0,3.0,1.0,1.0,7,5,1,1.9659258262890682,0.7411809548974794,0.02507208781817638,0.7774790660436854,1.5,1.8660254037844388,2,1
2.0,1.0,1.0,2.0,1.0,9,5,10,1.7071067811865475,0.29289321881345254,0.02507208781817638,0.7774790660436854,0.1339745962155614,1.5,2,1
1.0,1.0,2.0,1.0,1.0,17,7,4,0.03407417371093169,0.7411809548974794,0.9999999999999998,2.0,1.8660254037844388,0.5000000000000002,1,1
1.0,1.0,3.0,1.0,1.0,14,2,12,0.5000000000000002,0.13397459621556118,1.9749279121818235,0.7774790660436857,0.9999999999999998,2.0,1,1
1.0,1.0,1.0,1.0,1.0,13,2,8,0.7411809548974793,0.03407417371093169,1.9749279121818235,0.7774790660436857,0.13397459621556151,0.49999999999999956,1,1
1.0,3.0,1.0,1.0,1.0,3,1,6,1.7071067811865475,1.7071067811865475,1.78183148246803,1.6234898018587336,1.0000000000000002,0.0,2,1
1.0,3.0,2.0,1.0,1.0,4,3,7,1.8660254037844386,1.5,1.4338837391175583,0.09903113209758097,0.5000000000000002,0.13397459621556118,2,1
1.0,1.0,2.0,1.0,1.0,13,2,12,0.7411809548974793,0.03407417371093169,1.9749279121818235,0.7774790660436857,0.9999999999999998,2.0,2,1
2.0,1.0,3.0,2.0,1.0,16,5,6,0.13397459621556151,0.49999999999999956,0.02507208781817638,0.7774790660436854,1.0000000000000002,0.0,1,1
1.0,3.0,3.0,1.0,1.0,23,5,10,0.7411809548974784,1.9659258262890682,0.02507208781817638,0.7774790660436854,0.1339745962155614,1.5,1,1
1.0,1.0,1.0,1.0,1.0,4,2,5,1.8660254037844386,1.5,1.9749279121818235,0.7774790660436857,1.5,0.1339745962155613,1,1
1.0,3.0,2.0,1.0,1.0,3,4,6,1.7071067811865475,1.7071067811865475,0.5661162608824419,0.09903113209758085,1.0000000000000002,0.0,2,0
1.0,1.0,1.0,1.0,1.0,16,2,4,0.13397459621556151,0.49999999999999956,1.9749279121818235,0.7774790660436857,1.8660254037844388,0.5000000000000002,1,1
3.0,1.0,3.0,2.0,1.0,14,2,3,0.5000000000000002,0.13397459621556118,1.9749279121818235,0.7774790660436857,2.0,1.0,2,1
2.0,1.0,3.0,2.0,1.0,11,2,10,1.258819045102521,0.0340741737109318,1.9749279121818235,0.7774790660436857,0.1339745962155614,1.5,1,1
3.0,2.0,1.0,3.0,1.0,18,5,2,0.0,0.9999999999999998,0.02507208781817638,0.7774790660436854,1.8660254037844386,1.5,1,1
1.0,3.0,1.8610057336035266,1.0,1.0,0,2,9,1.0,2.0,1.9749279121818235,0.7774790660436857,0.0,0.9999999999999998,1,1
1.0,1.6786895643264867,1.0,1.0,1.0,17,4,8,0.03407417371093169,0.7411809548974794,0.5661162608824419,0.09903113209758085,0.13397459621556151,0.49999999999999956,2,0
1.0,1.0,2.0,4.0,1.0,16,1,2,0.13397459621556151,0.49999999999999956,1.78183148246803,1.6234898018587336,1.8660254037844386,1.5,1,1
1.0,1.0,1.0,1.0,1.0,17,3,8,0.03407417371093169,0.7411809548974794,1.4338837391175583,0.09903113209758097,0.13397459621556151,0.49999999999999956,2,1
1.0,1.0,1.0,1.0,1.0,10,7,4,1.5,0.1339745962155613,0.9999999999999998,2.0,1.8660254037844388,0.5000000000000002,1,1
1.0,1.0,1.0,1.0,1.0,13,5,11,0.7411809548974793,0.03407417371093169,0.02507208781817638,0.7774790660436854,0.49999999999999956,1.8660254037844384,1,1
1.0,1.0,2.0,1.0,1.0,13,6,11,0.7411809548974793,0.03407417371093169,0.21816851753197009,1.6234898018587334,0.49999999999999956,1.8660254037844384,2,1
1.0,1.0,3.0,1.0,1.0,8,6,9,1.8660254037844388,0.5000000000000002,0.21816851753197009,1.6234898018587334,0.0,0.9999999999999998,2,1
1.0,3.0,3.0,1.0,2.0,20,1,11,0.1339745962155614,1.5,1.78183148246803,1.6234898018587336,0.49999999999999956,1.8660254037844384,1,1
1.0,1.0,3.0,1.0,1.0,15,4,12,0.29289321881345287,0.2928932188134521,0.5661162608824419,0.09903113209758085,0.9999999999999998,2.0,2,1
1.0,3.0,1.0,2.0,1.0,18,6,2,0.0,0.9999999999999998,0.21816851753197009,1.6234898018587334,1.8660254037844386,1.5,2,1
1.0,1.0,1.0,1.0,1.0,12,4,6,1.0000000000000002,0.0,0.5661162608824419,0.09903113209758085,1.0000000000000002,0.0,1,1
1.0,1.0,1.8610057336035266,1.0,1.0,13,2,3,0.7411809548974793,0.03407417371093169,1.9749279121818235,0.7774790660436857,2.0,1.0,1,1
1.0,3.0,1.0,1.0,1.0,21,3,3,0.2928932188134523,1.7071067811865475,1.4338837391175583,0.09903113209758097,2.0,1.0,1,1
1.0,1.0,1.0,2.0,1.0,12,7,7,1.0000000000000002,0.0,0.9999999999999998,2.0,0.5000000000000002,0.13397459621556118,2,1
2.0,1.0,1.0,2.0,1.0,9,6,8,1.7071067811865475,0.29289321881345254,0.21816851753197009,1.6234898018587334,0.13397459621556151,0.49999999999999956,1,1
1.0,3.0,1.0,1.0,1.0,22,6,10,0.49999999999999956,1.8660254037844384,0.21816851753197009,1.6234898018587334,0.1339745962155614,1.5,1,1
1.0,1.0,2.0,1.0,1.0,5,7,7,1.9659258262890682,1.2588190451025207,0.9999999999999998,2.0,0.5000000000000002,0.13397459621556118,2,1