weather_condition,lighting_condition,trafficway_type,roadway_surface_cond,road_defect,crash_hour,crash_day_of_week,crash_month,crash_hour_sin,crash_hour_cos,crash_day_sin,crash_day_cos,crash_month_sin,crash_month_cos,crash_type,intersection_related_i
1.0,1.0,2.0,1.0,1.0,15,1,12,0.29289321881345287,0.2928932188134521,1.78183148246803,1.6234898018587336,0.9999999999999998,2.0,2,1
2.0,3.0,2.0,2.0,1.0,23,2,9,0.7411809548974784,1.9659258262890682,1.9749279121818235,0.7774790660436857,0.0,0.9999999999999998,1,1
1.0,1.0,1.0,1.0,1.0,13,4,8,0.7411809548974793,0.03407417371093169,0.5661162608824419,0.09903113209758085,0.13397459621556151,0.49999999999999956,2,1
1.0,4.0,1.0,1.0,1.0,19,1,2,0.03407417371093158,1.2588190451025203,1.78183148246803,1.6234898018587336,1.8660254037844386,1.5,1,1
1.0,3.0,1.0,1.0,1.0,23,5,3,0.7411809548974784,1.9659258262890682,0.02507208781817638,0.7774790660436854,2.0,1.0,1,1
2.0,1.0,3.0,2.0,1.0,8,5,10,1.8660254037844388,0.5000000000000002,0.02507208781817638,0.7774790660436854,0.1339745962155614,1.5,1,1
1.0,1.0,2.0,1.0,1.0,15,7,5,0.29289321881345287,0.2928932188134521,0.9999999999999998,2.0,1.5,0.1339745962155613,1,1
2.0,4.0,1.0,2.0,1.0,5,2,12,1.9659258262890682,1.2588190451025207,1.9749279121818235,0.7774790660436857,0.9999999999999998,2.0,1,1
1.0,1.0,3.0,1.0,1.0,7,5,12,1.9659258262890682,0.7411809548974794,0.02507208781817638,0.7774790660436854,0.9999999999999998,2.0,1,1
1.0,1.0,1.0,1.0,1.0,18,6,12,0.0,0.9999999999999998,0.21816851753197009,1.6234898018587334,0.9999999999999998,2.0,1,1
1.0,2.0,1.0,1.0,1.0,18,7,5,0.0,0.9999999999999998,0.9999999999999998,2.0,1.5,0.1339745962155613,1,1
1.0,1.0,3.0,1.0,1.0,15,6,11,0.29289321881345287,0.2928932188134521,0.21816851753197009,1.6234898018587334,0.49999999999999956,1.8660254037844384,2,1
1.0,3.0,3.0,1.0,2.0,22,3,11,0.49999999999999956,1.8660254037844384,1.4338837391175583,0.09903113209758097,0.49999999999999956,1.8660254037844384,1,1
1.0,1.0,3.0,1.0,1.0,15,6,6,0.29289321881345287,0.2928932188134521,0.21816851753197009,1.6234898018587334,1.0000000000000002,0.0,1,0
1.0,1.0,3.0,1.0,1.0,18,4,7,0.0,0.9999999999999998,0.5661162608824419,0.09903113209758085,0.5000000000000002,0.13397459621556118,1,1
2.0,1.0,1.0,2.0,1.0,15,2,4,0.29289321881345287,0.2928932188134521,1.9749279121818235,0.7774790660436857,1.8660254037844388,0.5000000000000002,2,1
1.0,1.0,3.0,1.0,1.0,8,7,6,1.8660254037844388,0.5000000000000002,0.9999999999999998,2.0,1.0000000000000002,0.0,2,1
1.0,3.0,3.0,1.0,1.0,20,5,2,0.1339745962155614,1.5,0.02507208781817638,0.7774790660436854,1.8660254037844386,1.5,2,1
1.0,1.0,3.0,1.0,1.0,14,3,6,0.5000000000000002,0.13397459621556118,1.4338837391175583,0.09903113209758097,1.0000000000000002,0.0,1,1
1.0,1.0,3.0,1.0,1.0,18,1,5,0.0,0.9999999999999998,1.78183148246803,1.6234898018587336,1.5,0.1339745962155613,1,1
1.0,1.0,2.0,1.0,1.0,14,5,8,0.5000000000000002,0.13397459621556118,0.02507208781817638,0.7774790660436854,0.13397459621556151,0.49999999999999956,1,0
1.0,2.0,3.0,1.0,1.0,16,6,1,0.13397459621556151,0.49999999999999956,0.21816851753197009,1.6234898018587334,1.5,1.8660254037844388,2,1
2.0,1.0,3.0,2.0,1.0,12,4,4,1.0000000000000002,0.0,0.5661162608824419,0.09903113209758085,1.8660254037844388,0.5000000000000002,1,1
1.0,1.0,2.0,1.0,1.0,8,4,4,1.8660254037844388,0.5000000000000002,0.5661162608824419,0.09903113209758085,1.8660254037844388,0.5000000000000002,1,1
1.0,1.0,2.0,1.0,1.0,15,3,9,0.29289321881345287,0.2928932188134521,1.4338837391175583,0.09903113209758097,0.0,0.9999999999999998,2,1
1.0,1.0,3.0,1.0,1.0,9,7,7,1.7071067811865475,0.29289321881345254,0.9999999999999998,2.0,0.5000000000000002,0.13397459621556118,2,1
1.0,2.0,2.0,1.0,1.0,19,4,5,0.03407417371093158,1.2588190451025203,0.5661162608824419,0.09903113209758085,1.5,0.1339745962155613,2,1
1.0,1.0,2.0,1.0,1.0,11,3,12,1.258819045102521,0.0340741737109318,1.4338837391175583,0.09903113209758097,0.9999999999999998,2.0,2,1
1.0,1.0,1.0,1.0,1.0,15,3,7,0.29289321881345287,0.2928932188134521,1.4338837391175583,0.09903113209758097,0.5000000000000002,0.13397459621556118,1,1
1.0,1.0,1.0,1.0,1.0,14,4,5,0.5000000000000002,0.13397459621556118,0.5661162608824419,0.09903113209758085,1.5,0.1339745962155613,1,1
1.0,1.0,3.0,1.0,1.0,9,4,9,1.7071067811865475,0.29289321881345254,0.5661162608824419,0.09903113209758085,0.0,0.9999999999999998,1,1
2.0,3.0,1.0,2.0,1.0,2,2,12,1.5,1.8660254037844388,1.9749279121818235,0.7774790660436857,0.9999999999999998,2.0,2,1
1.0,2.0,1.0,1.0,1.0,21,5,12,0.2928932188134523,1.7071067811865475,0.02507208781817638,0.7774790660436854,0.9999999999999998,2.0,1,1
1.0,1.0,1.0,1.0,1.0,9,2,11,1.7071067811865475,0.29289321881345254,1.9749279121818235,0.7774790660436857,0.49999999999999956,1.8660254037844384,1,1
1.0,3.0,3.0,1.0,1.0,2,1,8,1.5,1.8660254037844388,1.78183148246803,1.6234898018587336,0.13397459621556151,0.49999999999999956,2,1
3.0,1.0,1.0,3.0,1.0,7,2,3,1.9659258262890682,0.7411809548974794,1.9749279121818235,0.7774790660436857,2.0,1.0,2,1
1.0,1.0,2.0,1.0,1.0,12,6,6,1.0000000000000002,0.0,0.21816851753197009,1.6234898018587334,1.0000000000000002,0.0,1,1
1.0,1.0,1.0,1.0,1.0,6,5,6,2.0,1.0,0.02507208781817638,0.7774790660436854,1.0000000000000002,0.0,2,1
2.0,3.0,3.0,2.0,1.0,18,5,12,0.0,0.9999999999999998,0.02507208781817638,0.7774790660436854,0.9999999999999998,2.0,2,1
1.0,1.0,1.0,1.0,1.0,18,2,7,0.0,0.9999999999999998,1.9749279121818235,0.7774790660436857,0.5000000000000002,0.13397459621556118,2,1
1.0,1.0,2.0,1.0,1.0,16,1,8,0.13397459621556151,0.49999999999999956,1.78183148246803,1.6234898018587336,0.13397459621556151,0.49999999999999956,1,1
1.0,1.0,1.0,1.0,1.0,8,1,8,1.8660254037844388,0.5000000000000002,1.78183148246803,1.6234898018587336,0.13397459621556151,0.49999999999999956,2,1
1.0,3.0,1.0,1.0,1.0,23,5,9,0.7411809548974784,1.9659258262890682,0.02507208781817638,0.7774790660436854,0.0,0.9999999999999998,1,1
1.0,1.0,2.0,1.0,1.0,6,4,4,2.0,1.0,0.5661162608824419,0.09903113209758085,1.8660254037844388,0.5000000000000002,2,1
2.0,3.0,2.0,2.0,1.0,17,6,9,0.03407417371093169,0.7411809548974794,0.21816851753197009,1.6234898018587334,0.0,0.9999999999999998,1,1
1.0,3.0,3.0,1.0,1.0,20,3,6,0.1339745962155614,1.5,1.4338837391175583,0.09903113209758097,1.0000000000000002,0.0,1,1
1.0,1.0,2.0,1.0,1.0,6,3,11,2.0,1.0,1.4338837391175583,0.09903113209758097,0.49999999999999956,1.8660254037844384,1,1
1.0,1.0,2.0,1.0,1.0,15,4,2,0.29289321881345287,0.2928932188134521,0.5661162608824419,0.09903113209758085,1.8660254037844386,1.5,1,1
1.0,2.0,1.0,1.0,1.0,5,1,4,1.9659258262890682,1.2588190451025207,1.78183148246803,1.6234898018587336,1.8660254037844388,0.5000000000000002,2,1
1.0,1.0,1.0,1.0,1.0,11,6,9,1.258819045102521,0.0340741737109318,0.21816851753197009,1.6234898018587334,0.0,0.9999999999999998,1,1
1.0,1.0,2.0,1.0,1.0,7,3,3,1.9659258262890682,0.7411809548974794,1.4338837391175583,0.09903113209758097,2.0,1.0,1,1
1.0,1.0,3.0,1.0,1.0,12,4,4,1.0000000000000002,0.0,0.5661162608824419,0.09903113209758085,1.8660254037844388,0.5000000000000002,1,1
1.0,1.0,3.0,1.0,1.0,7,4,6,1.9659258262890682,0.7411809548974794,0.5661162608824419,0.09903113209758085,1.0000000000000002,0.0,2,1
1.0,1.0,2.0,1.0,1.0,14,4,9,0.5000000000000002,0.13397459621556118,0.5661162608824419,0.09903113209758085,0.0,0.9999999999999998,1,1
1.0,1.0,3.0,1.0,1.0,15,1,6,0.29289321881345287,0.2928932188134521,1.78183148246803,1.6234898018587336,1.0000000000000002,0.0,2,1
1.0,1.0,1.0,1.0,1.0,16,4,5,0.13397459621556151,0.49999999999999956,0.5661162608824419,0.09903113209758085,1.5,0.1339745962155613,1,1
1.0,1.0,3.0,1.0,1.0,15,2,8,0.29289321881345287,0.2928932188134521,1.9749279121818235,0.7774790660436857,0.13397459621556151,0.49999999999999956,2,1
1.0,1.6786895643264867,2.0,1.0,1.0,22,7,6,0.49999999999999956,1.8660254037844384,0.9999999999999998,2.0,1.0000000000000002,0.0,1,1
1.0,3.0,1.0,1.0,1.0,17,6,12,0.03407417371093169,0.7411809548974794,0.21816851753197009,1.6234898018587334,0.9999999999999998,2.0,1,1
1.0,1.0,2.0,1.0,1.0,19,5,8,0.03407417371093158,1.2588190451025203,0.02507208781817638,0.7774790660436854,0.13397459621556151,0.49999999999999956,1,0
1.0,3.0,1.0,1.0,1.0,16,7,11,0.13397459621556151,0.49999999999999956,0.9999999999999998,2.0,0.49999999999999956,1.8660254037844384,1,1
1.0,3.0,2.0,1.0,1.0,21,5,8,0.2928932188134523,1.7071067811865475,0.02507208781817638,0.7774790660436854,0.13397459621556151,0.49999999999999956,2,1
1.0,1.0,2.0,1.0,1.0,13,1,6,0.7411809548974793,0.03407417371093169,1.78183148246803,1.6234898018587336,1.0000000000000002,0.0,1,1
1.0,1.6786895643264867,1.0,1.0,1.0,11,4,6,1.258819045102521,0.0340741737109318,0.5661162608824419,0.09903113209758085,1.0000000000000002,0.0,1,1
1.0,3.0,3.0,2.0,1.0,21,6,12,0.2928932188134523,1.7071067811865475,0.21816851753197009,1.6234898018587334,0.9999999999999998,2.0,1,1
1.0,1.0,2.0,1.0,1.0,15,5,7,0.29289321881345287,0.2928932188134521,0.02507208781817638,0.7774790660436854,0.5000000000000002,0.13397459621556118,1,1
1.0,1.0,1.0,1.0,1.0,16,4,5,0.13397459621556151,0.49999999999999956,0.5661162608824419,0.09903113209758085,1.5,0.1339745962155613,2,1
1.0,3.0,3.0,1.0,1.0,21,6,5,0.2928932188134523,1.7071067811865475,0.21816851753197009,1.6234898018587334,1.5,0.1339745962155613,1,1
1.0,2.0,2.0,1.0,1.0,15,3,12,0.29289321881345287,0.2928932188134521,1.4338837391175583,0.09903113209758097,0.9999999999999998,2.0,1,1
1.0,3.0,1.0,1.0,1.0,21,2,11,0.2928932188134523,1.7071067811865475,1.9749279121818235,0.7774790660436857,0.49999999999999956,1.8660254037844384,2,1
1.0,2.0,1.0,1.0,1.0,16,7,2,0.13397459621556151,0.49999999999999956,0.9999999999999998,2.0,1.8660254037844386,1.5,1,1
1.0,3.0,2.0,1.0,1.0,4,2,12,1.8660254037844386,1.5,1.9749279121818235,0.7774790660436857,0.9999999999999998,2.0,1,1
1.0,1.0,3.0,1.0,1.0,13,1,10,0.7411809548974793,0.03407417371093169,1.78183148246803,1.6234898018587336,0.1339745962155614,1.5,2,0
1.0,3.0,3.0,1.0,1.0,2,7,7,1.5,1.8660254037844388,0.9999999999999998,2.0,0.5000000000000002,0.13397459621556118,1,1
1.0,1.0,1.0,1.0,1.0,18,5,6,0.0,0.9999999999999998,0.02507208781817638,0.7774790660436854,1.0000000000000002,0.0,1,1
1.0,3.0,2.0,1.0,1.0,20,4,1,0.1339745962155614,1.5,0.5661162608824419,0.09903113209758085,1.5,1.8660254037844388,2,1
1.0,1.0,1.0,1.0,1.0,14,5,10,0.5000000000000002,0.13397459621556118,0.02507208781817638,0.7774790660436854,0.1339745962155614,1.5,1,1
1.0,1.0,1.0,1.0,1.0,8,2,5,1.8660254037844388,0.5000000000000002,1.9749279121818235,0.7774790660436857,1.5,0.1339745962155613,2,1
1.0,1.0,1.0,1.0,1.0,18,5,6,0.0,0.9999999999999998,0.02507208781817638,0.7774790660436854,1.0000000000000002,0.0,1,1
1.0,1.0,3.0,1.0,1.0,14,3,10,0.5000000000000002,0.13397459621556118,1.4338837391175583,0.09903113209758097,0.1339745962155614,1.5,2,1
1.0,1.0,2.0,1.0,1.0,15,4,8,0.29289321881345287,0.2928932188134521,0.5661162608824419,0.09903113209758085,0.13397459621556151,0.49999999999999956,2,1
1.0,1.0,2.0,1.0,1.0,13,1,10,0.7411809548974793,0.03407417371093169,1.78183148246803,1.6234898018587336,0.1339745962155614,1.5,1,1
1.0,1.0,3.0,1.0,1.0,7,6,12,1.9659258262890682,0.7411809548974794,0.21816851753197009,1.6234898018587334,0.9999999999999998,2.0,1,1
1.0,1.0,3.0,3.0,1.0,14,4,1,0.5000000000000002,0.13397459621556118,0.5661162608824419,0.09903113209758085,1.5,1.8660254037844388,2,1
3.0,1.0,1.0,3.0,1.0,16,6,1,0.13397459621556151,0.49999999999999956,0.21816851753197009,1.6234898018587334,1.5,1.8660254037844388,1,1
1.0,1.0,2.0,1.0,1.0,20,7,6,0.1339745962155614,1.5,0.9999999999999998,2.0,1.0000000000000002,0.0,2,1
1.0,1.0,2.0,1.0,1.0,13,4,11,0.7411809548974793,0.03407417371093169,0.5661162608824419,0.09903113209758085,0.49999999999999956,1.8660254037844384,2,1
1.0,1.0,1.0,1.0,1.0,14,1,10,0.5000000000000002,0.13397459621556118,1.78183148246803,1.6234898018587336,0.1339745962155614,1.5,2,1
1.0,3.0,1.0,1.0,1.0,20,2,9,0.1339745962155614,1.5,1.9749279121818235,0.7774790660436857,0.0,0.9999999999999998,1,1
1.0,4.0,1.0,1.0,1.0,20,1,1,0.1339745962155614,1.5,1.78183148246803,1.6234898018587336,1.5,1.8660254037844388,2,1
1.0,1.0,3.0,1.0,1.0,9,6,11,1.7071067811865475,0.29289321881345254,0.21816851753197009,1.6234898018587334,0.49999999999999956,1.8660254037844384,2,1
1.0,3.0,1.0,1.0,1.0,1,5,2,1.2588190451025207,1.9659258262890682,0.02507208781817638,0.7774790660436854,1.8660254037844386,1.5,2,1
1.0,1.0,3.0,1.0,1.0,7,3,6,1.9659258262890682,0.7411809548974794,1.4338837391175583,0.09903113209758097,1.0000000000000002,0.0,2,1
1.0,2.0,1.0,1.0,1.0,19,2,9,0.03407417371093158,1.2588190451025203,1.9749279121818235,0.7774790660436857,0.0,0.9999999999999998,1,1
1.0,3.0,1.0,1.0,1.0,17,3,12,0.03407417371093169,0.7411809548974794,1.4338837391175583,0.09903113209758097,0.9999999999999998,2.0,2,1
1.0,2.0,1.0,1.0,1.0,6,7,11,2.0,1.0,0.9999999999999998,2.0,0.49999999999999956,1.8660254037844384,1,1
1.0,1.0,3.0,1.0,1.0,7,2,6,1.9659258262890682,0.7411809548974794,1.9749279121818235,0.7774790660436857,1.0000000000000002,0.0,1,1
1.0,1.0,2.0,1.0,1.0,18,6,8,0.0,0.9999999999999998,0.21816851753197009,1.6234898018587334,0.13397459621556151,0.49999999999999956,1,1
1.0,4.0,1.0,1.0,1.0,20,3,11,0.1339745962155614,1.5,1.4338837391175583,0.09903113209758097,0.49999999999999956,1.8660254037844384,1,1
1.0,1.0,1.0,1.0,1.0,9,4,11,1.7071067811865475,0.29289321881345254,0.5661162608824419,0.09903113209758085,0.49999999999999956,1.8660254037844384,1,1
1.0,1.0,1.0,1.0,1.0,12,4,6,1.0000000000000002,0.0,0.5661162608824419,0.09903113209758085,1.0000000000000002,0.0,2,1
2.0,3.0,2.0,2.0,1.0,22,7,6,0.49999999999999956,1.8660254037844384,0.9999999999999998,2.0,1.0000000000000002,0.0,2,1
1.0,1.0,2.0,1.0,1.0,12,2,8,1.0000000000000002,0.0,1.9749279121818235,0.7774790660436857,0.13397459621556151,0.49999999999999956,1,1
2.0,3.0,2.0,2.0,1.0,21,6,9,0.2928932188134523,1.7071067811865475,0.21816851753197009,1.6234898018587334,0.0,0.9999999999999998,2,1
1.0,1.0,1.0,1.0,1.0,17,7,10,0.03407417371093169,0.7411809548974794,0.9999999999999998,2.0,0.1339745962155614,1.5,2,1
1.0,1.0,2.0,1.0,1.0,12,7,9,1.0000000000000002,0.0,0.9999999999999998,2.0,0.0,0.9999999999999998,1,1
1.0,3.0,1.0,1.0,1.0,18,2,2,0.0,0.9999999999999998,1.9749279121818235,0.7774790660436857,1.8660254037844386,1.5,1,1
1.0,1.0,2.0,4.0,1.0,13,5,1,0.7411809548974793,0.03407417371093169,0.02507208781817638,0.7774790660436854,1.5,1.8660254037844388,1,1
1.0,1.0,3.0,1.0,1.0,7,1,11,1.9659258262890682,0.7411809548974794,1.78183148246803,1.6234898018587336,0.49999999999999956,1.8660254037844384,2,1
1.0,1.0,1.0,1.0,1.0,15,2,10,0.29289321881345287,0.2928932188134521,1.9749279121818235,0.7774790660436857,0.1339745962155614,1.5,1,1
1.0,1.0,3.0,1.0,1.0,11,4,12,1.258819045102521,0.0340741737109318,0.5661162608824419,0.09903113209758085,0.9999999999999998,2.0,2,1
1.0,3.0,3.0,1.0,1.0,20,7,9,0.1339745962155614,1.5,0.9999999999999998,2.0,0.0,0.9999999999999998,1,1
1.0,1.0,1.0,1.0,1.0,15,7,2,0.29289321881345287,0.2928932188134521,0.9999999999999998,2.0,1.8660254037844386,1.5,2,1
1.0,1.0,1.0,1.0,1.0,14,2,5,0.5000000000000002,0.13397459621556118,1.9749279121818235,0.7774790660436857,1.5,0.1339745962155613,2,1
1.0,3.0,2.0,1.0,1.0,4,5,1,1.8660254037844386,1.5,0.02507208781817638,0.7774790660436854,1.5,1.8660254037844388,1,1
1.0,1.0,2.0,1.0,1.0,17,2,7,0.03407417371093169,0.7411809548974794,1.9749279121818235,0.7774790660436857,0.5000000000000002,0.13397459621556118,2,1
1.0,1.0,1.0,1.0,1.0,17,5,9,0.03407417371093169,0.7411809548974794,0.02507208781817638,0.7774790660436854,0.0,0.9999999999999998,2,1
1.0,1.0,3.0,1.0,1.0,15,1,6,0.29289321881345287,0.2928932188134521,1.78183148246803,1.6234898018587336,1.0000000000000002,0.0,1,1
4.0,3.0,3.0,2.0,1.0,5,3,10,1.9659258262890682,1.2588190451025207,1.4338837391175583,0.09903113209758097,0.1339745962155614,1.5,1,1
1.0,1.0,2.0,1.0,1.0,13,6,7,0.7411809548974793,0.03407417371093169,0.21816851753197009,1.6234898018587334,0.5000000000000002,0.13397459621556118,2,1
1.0,3.0,1.0,1.0,1.0,20,6,8,0.1339745962155614,1.5,0.21816851753197009,1.6234898018587334,0.13397459621556151,0.49999999999999956,1,1
1.0,2.0,3.0,1.0,1.0,17,5,12,0.03407417371093169,0.7411809548974794,0.02507208781817638,0.7774790660436854,0.9999999999999998,2.0,1,1
1.0,1.0,3.0,1.0,1.0,13,7,9,0.7411809548974793,0.03407417371093169,0.9999999999999998,2.0,0.0,0.9999999999999998,1,1
1.0,1.0,3.0,1.0,1.0,10,6,4,1.5,0.1339745962155613,0.21816851753197009,1.6234898018587334,1.8660254037844388,0.5000000000000002,1,1
1.0,1.0,2.0,1.0,1.0,14,4,8,0.5000000000000002,0.13397459621556118,0.5661162608824419,0.09903113209758085,0.13397459621556151,0.49999999999999956,1,1
2.0,1.0,3.0,2.0,1.0,17,1,8,0.03407417371093169,0.7411809548974794,1.78183148246803,1.6234898018587336,0.13397459621556151,0.49999999999999956,2,1
1.0,1.0,2.0,1.0,1.0,12,4,5,1.0000000000000002,0.0,0.5661162608824419,0.09903113209758085,1.5,0.1339745962155613,2,1
1.0,3.0,1.0,1.0,1.0,3,1,11,1.7071067811865475,1.7071067811865475,1.78183148246803,1.6234898018587336,0.49999999999999956,1.8660254037844384,2,1
3.0,3.0,3.0,3.0,1.0,23,1,1,0.7411809548974784,1.9659258262890682,1.78183148246803,1.6234898018587336,1.5,1.8660254037844388,2,0
1.0,1.0,1.0,1.0,1.0,13,3,9,0.7411809548974793,0.03407417371093169,1.4338837391175583,0.09903113209758097,0.0,0.9999999999999998,2,1
2.0,1.0,1.0,2.0,2.0,15,3,2,0.29289321881345287,0.2928932188134521,1.4338837391175583,0.09903113209758097,1.8660254037844386,1.5,1,1
2.0,3.0,1.0,2.0,1.0,1,7,12,1.2588190451025207,1.9659258262890682,0.9999999999999998,2.0,0.9999999999999998,2.0,1,1
1.0,1.6786895643264867,2.0,1.0,1.0,14,7,8,0.5000000000000002,0.13397459621556118,0.9999999999999998,2.0,0.13397459621556151,0.49999999999999956,1,1
1.0,3.0,3.0,1.0,1.0,22,7,3,0.49999999999999956,1.8660254037844384,0.9999999999999998,2.0,2.0,1.0,2,1
1.0,3.0,2.0,2.0,1.0,23,1,8,0.7411809548974784,1.9659258262890682,1.78183148246803,1.6234898018587336,0.13397459621556151,0.49999999999999956,2,1
1.0,1.0,2.0,1.0,1.0,17,1,6,0.03407417371093169,0.7411809548974794,1.78183148246803,1.6234898018587336,1.0000000000000002,0.0,1,1
2.0,1.0,3.0,2.0,1.0,11,5,4,1.258819045102521,0.0340741737109318,0.02507208781817638,0.7774790660436854,1.8660254037844388,0.5000000000000002,2,1
1.0,3.0,1.0,1.0,1.0,0,4,11,1.0,2.0,0.5661162608824419,0.09903113209758085,0.49999999999999956,1.8660254037844384,1,1
1.0,1.0,1.0,1.0,1.0,7,5,3,1.9659258262890682,0.7411809548974794,0.02507208781817638,0.7774790660436854,2.0,1.0,1,1
1.0,3.0,3.0,2.0,1.0,18,6,1,0.0,0.9999999999999998,0.21816851753197009,1.6234898018587334,1.5,1.8660254037844388,1,1
1.0,1.0,2.0,1.0,1.0,16,5,8,0.13397459621556151,0.49999999999999956,0.02507208781817638,0.7774790660436854,0.13397459621556151,0.49999999999999956,1,1
1.0,1.0,3.0,1.0,1.0,19,5,9,0.03407417371093158,1.2588190451025203,0.02507208781817638,0.7774790660436854,0.0,0.9999999999999998,1,1
1.0,1.0,1.0,1.0,1.0,7,5,10,1.9659258262890682,0.7411809548974794,0.02507208781817638,0.7774790660436854,0.1339745962155614,1.5,1,1
1.0,1.0,1.0,1.0,1.0,17,5,10,0.03407417371093169,0.7411809548974794,0.02507208781817638,0.7774790660436854,0.1339745962155614,1.5,1,1
1.0,3.0,1.0,1.0,1.0,17,5,12,0.03407417371093169,0.7411809548974794,0.02507208781817638,0.7774790660436854,0.9999999999999998,2.0,2,1
1.0,3.0,2.0,1.0,1.0,3,7,8,1.7071067811865475,1.7071067811865475,0.9999999999999998,2.0,0.13397459621556151,0.49999999999999956,1,1
1.0,1.0,3.0,1.0,1.0,11,7,8,1.258819045102521,0.0340741737109318,0.9999999999999998,2.0,0.13397459621556151,0.49999999999999956,1,1
1.0,1.0,1.0,1.0,1.0,15,2,10,0.29289321881345287,0.2928932188134521,1.9749279121818235,0.7774790660436857,0.1339745962155614,1.5,1,0
2.0,1.0,1.0,2.0,1.0,16,4,4,0.13397459621556151,0.49999999999999956,0.5661162608824419,0.09903113209758085,1.8660254037844388,0.5000000000000002,1,1
1.0,1.0,1.0,1.0,1.0,11,5,5,1.258819045102521,0.0340741737109318,0.02507208781817638,0.7774790660436854,1.5,0.1339745962155613,1,1
1.0,1.0,3.0,1.0,1.0,13,5,6,0.7411809548974793,0.03407417371093169,0.02507208781817638,0.7774790660436854,1.0000000000000002,0.0,1,1
1.0,1.0,2.0,1.0,1.0,12,6,7,1.0000000000000002,0.0,0.21816851753197009,1.6234898018587334,0.5000000000000002,0.13397459621556118,2,1
1.0,3.0,1.0,1.0,1.0,21,7,10,0.2928932188134523,1.7071067811865475,0.9999999999999998,2.0,0.1339745962155614,1.5,2,1
1.0,4.0,2.0,1.0,1.0,20,7,7,0.1339745962155614,1.5,0.9999999999999998,2.0,0.5000000000000002,0.13397459621556118,1,1
1.0,1.0,3.0,1.0,1.0,17,7,7,0.03407417371093169,0.7411809548974794,0.9999999999999998,2.0,0.5000000000000002,0.13397459621556118,1,1
1.0,3.0,2.0,1.0,1.0,22,6,8,0.49999999999999956,1.8660254037844384,0.21816851753197009,1.6234898018587334,0.13397459621556151,0.49999999999999956,2,1
1.0,1.0,1.0,1.0,1.0,8,5,6,1.8660254037844388,0.5000000000000002,0.02507208781817638,0.7774790660436854,1.0000000000000002,0.0,1,1
2.0,3.0,3.0,2.0,1.0,22,6,12,0.49999999999999956,1.8660254037844384,0.21816851753197009,1.6234898018587334,0.9999999999999998,2.0,1,1
2.0,3.0,1.0,2.0,1.0,19,6,10,0.03407417371093158,1.2588190451025203,0.21816851753197009,1.6234898018587334,0.1339745962155614,1.5,2,1
1.0,1.0,1.0,1.0,1.0,14,2,7,0.5000000000000002,0.13397459621556118,1.9749279121818235,0.7774790660436857,0.5000000000000002,0.13397459621556118,1,1
1.0,1.0,3.0,1.0,1.0,8,2,5,1.8660254037844388,0.5000000000000002,1.9749279121818235,0.7774790660436857,1.5,0.1339745962155613,2,1
1.0,2.0,3.0,1.0,1.0,18,5,3,0.0,0.9999999999999998,0.02507208781817638,0.7774790660436854,2.0,1.0,1,1
1.0,1.0,3.0,1.0,1.0,12,7,10,1.0000000000000002,0.0,0.9999999999999998,2.0,0.1339745962155614,1.5,1,1
1.0,1.0,2.0,1.0,1.0,13,5,5,0.7411809548974793,0.03407417371093169,0.02507208781817638,0.7774790660436854,1.5,0.1339745962155613,1,1
1.0,1.0,1.0,1.0,1.0,14,3,8,0.5000000000000002,0.13397459621556118,1.4338837391175583,0.09903113209758097,0.13397459621556151,0.49999999999999956,2,1
1.0,3.0,2.0,1.0,1.0,20,1,6,0.1339745962155614,1.5,1.78183148246803,1.6234898018587336,1.0000000000000002,0.0,2,1
1.0,1.0,3.0,1.0,1.0,19,6,8,0.03407417371093158,1.2588190451025203,0.21816851753197009,1.6234898018587334,0.13397459621556151,0.49999999999999956,2,1
1.0,1.0,2.0,1.0,1.0,17,7,10,0.03407417371093169,0.7411809548974794,0.9999999999999998,2.0,0.1339745962155614,1.5,1,1
1.0,3.0,1.0,1.0,1.0,1,6,10,1.2588190451025207,1.9659258262890682,0.21816851753197009,1.6234898018587334,0.1339745962155614,1.5,1,1
1.0,2.0,2.0,1.0,1.0,16,5,12,0.13397459621556151,0.49999999999999956,0.02507208781817638,0.7774790660436854,0.9999999999999998,2.0,1,1
3.0,1.0,2.0,2.0,1.0,9,4,1,1.7071067811865475,0.29289321881345254,0.5661162608824419,0.09903113209758085,1.5,1.8660254037844388,1,1
1.0,1.0,1.0,1.0,1.0,16,4,8,0.13397459621556151,0.49999999999999956,0.5661162608824419,0.09903113209758085,0.13397459621556151,0.49999999999999956,1,1
1.0,1.0,1.0,1.0,1.0,13,2,9,0.7411809548974793,0.03407417371093169,1.9749279121818235,0.7774790660436857,0.0,0.9999999999999998,1,1
1.0,1.0,2.0,1.0,1.0,8,4,12,1.8660254037844388,0.5000000000000002,0.5661162608824419,0.09903113209758085,0.9999999999999998,2.0,2,1
1.0,1.0,1.0,1.0,1.0,18,2,9,0.0,0.9999999999999998,1.9749279121818235,0.7774790660436857,0.0,0.9999999999999998,1,0
2.0,3.0,1.0,2.0,1.0,17,4,11,0.03407417371093169,0.7411809548974794,0.5661162608824419,0.09903113209758085,0.49999999999999956,1.8660254037844384,1,1
1.0,2.0,2.0,1.0,1.0,17,2,10,0.03407417371093169,0.7411809548974794,1.9749279121818235,0.7774790660436857,0.1339745962155614,1.5,1,1