weather_condition,lighting_condition,trafficway_type,roadway_surface_cond,road_defect,crash_hour,crash_day_of_week,crash_month,crash_hour_sin,crash_hour_cos,crash_day_sin,crash_day_cos,crash_month_sin,crash_month_cos,crash_type,intersection_related_i
1.0,3.0,1.0,1.0,1.0,16,4,3,0.13397459621556151,0.49999999999999956,0.5661162608824419,0.09903113209758085,2.0,1.0,1,1
1.0,1.0,2.0,1.0,1.0,17,5,5,0.03407417371093169,0.7411809548974794,0.02507208781817638,0.7774790660436854,1.5,0.1339745962155613,1,1
1.0,2.0,1.0,1.0,1.0,17,1,10,0.03407417371093169,0.7411809548974794,1.78183148246803,1.6234898018587336,0.1339745962155614,1.5,1,1
1.0,1.0,2.0,2.0,1.0,15,7,5,0.29289321881345287,0.2928932188134521,0.9999999999999998,2.0,1.5,0.1339745962155613,1,1
1.0,1.0,2.0,1.0,1.0,15,6,7,0.29289321881345287,0.2928932188134521,0.21816851753197009,1.6234898018587334,0.5000000000000002,0.13397459621556118,1,1
1.0,1.0,1.0,1.0,1.0,5,1,6,1.9659258262890682,1.2588190451025207,1.78183148246803,1.6234898018587336,1.0000000000000002,0.0,2,1
1.0,1.0,1.0,1.0,1.0,8,4,9,1.8660254037844388,0.5000000000000002,0.5661162608824419,0.09903113209758085,0.0,0.9999999999999998,1,1
1.0,1.0,1.0,1.0,1.0,8,5,11,1.8660254037844388,0.5000000000000002,0.02507208781817638,0.7774790660436854,0.49999999999999956,1.8660254037844384,2,1
1.0,1.0,1.0,1.0,1.0,13,7,12,0.7411809548974793,0.03407417371093169,0.9999999999999998,2.0,0.9999999999999998,2.0,2,1
2.0,3.0,3.0,2.0,1.0,20,3,12,0.1339745962155614,1.5,1.4338837391175583,0.09903113209758097,0.9999999999999998,2.0,1,1
1.0,3.0,3.0,1.0,1.0,21,3,4,0.2928932188134523,1.7071067811865475,1.4338837391175583,0.09903113209758097,1.8660254037844388,0.5000000000000002,2,1
1.0,2.0,1.0,1.0,1.0,18,6,2,0.0,0.9999999999999998,0.21816851753197009,1.6234898018587334,1.8660254037844386,1.5,1,1
3.0,3.0,1.0,2.0,1.0,22,6,12,0.49999999999999956,1.8660254037844384,0.21816851753197009,1.6234898018587334,0.9999999999999998,2.0,2,1
1.0,1.0,1.0,1.0,1.0,10,5,10,1.5,0.1339745962155613,0.02507208781817638,0.7774790660436854,0.1339745962155614,1.5,1,1
1.0,3.0,1.0,1.0,1.0,20,3,10,0.1339745962155614,1.5,1.4338837391175583,0.09903113209758097,0.1339745962155614,1.5,1,1
2.0,4.0,3.0,2.0,1.0,8,7,7,1.8660254037844388,0.5000000000000002,0.9999999999999998,2.0,0.5000000000000002,0.13397459621556118,2,1
1.0,1.0,1.8610057336035266,1.0,1.0,15,5,8,0.29289321881345287,0.2928932188134521,0.02507208781817638,0.7774790660436854,0.13397459621556151,0.49999999999999956,2,1
1.0,3.0,1.0,1.0,1.0,22,4,8,0.49999999999999956,1.8660254037844384,0.5661162608824419,0.09903113209758085,0.13397459621556151,0.49999999999999956,1,1
1.0,2.0,1.8610057336035266,1.0,1.0,19,3,12,0.03407417371093158,1.2588190451025203,1.4338837391175583,0.09903113209758097,0.9999999999999998,2.0,2,1
2.0,1.0,3.0,2.0,1.0,16,7,6,0.13397459621556151,0.49999999999999956,0.9999999999999998,2.0,1.0000000000000002,0.0,1,1
1.0,1.0,3.0,1.0,1.0,16,1,8,0.13397459621556151,0.49999999999999956,1.78183148246803,1.6234898018587336,0.13397459621556151,0.49999999999999956,1,1
1.0,1.0,1.0,1.0,1.0,7,4,2,1.9659258262890682,0.7411809548974794,0.5661162608824419,0.09903113209758085,1.8660254037844386,1.5,1,1
1.0,3.0,1.0,1.0,1.0,22,6,9,0.49999999999999956,1.8660254037844384,0.21816851753197009,1.6234898018587334,0.0,0.9999999999999998,2,1
1.0,3.0,1.0,1.0,1.0,0,6,5,1.0,2.0,0.21816851753197009,1.6234898018587334,1.5,0.1339745962155613,1,1
1.0,1.0,2.0,1.0,1.0,8,7,3,1.8660254037844388,0.5000000000000002,0.9999999999999998,2.0,2.0,1.0,2,1
1.0,1.0,3.0,2.0,1.0,8,4,4,1.8660254037844388,0.5000000000000002,0.5661162608824419,0.09903113209758085,1.8660254037844388,0.5000000000000002,2,1
1.0,1.0,2.0,1.0,1.0,11,3,5,1.258819045102521,0.0340741737109318,1.4338837391175583,0.09903113209758097,1.5,0.1339745962155613,1,0
1.0,1.0,3.0,1.0,1.0,10,5,11,1.5,0.1339745962155613,0.02507208781817638,0.7774790660436854,0.49999999999999956,1.8660254037844384,2,1
1.0,4.0,1.0,1.0,1.0,6,3,2,2.0,1.0,1.4338837391175583,0.09903113209758097,1.8660254037844386,1.5,2,1
1.0,1.0,3.0,1.0,1.0,12,5,9,1.0000000000000002,0.0,0.02507208781817638,0.7774790660436854,0.0,0.9999999999999998,1,1
1.0,1.0,2.0,1.0,1.0,11,4,8,1.258819045102521,0.0340741737109318,0.5661162608824419,0.09903113209758085,0.13397459621556151,0.49999999999999956,2,1
1.0,3.0,2.0,1.0,1.0,19,4,1,0.03407417371093158,1.2588190451025203,0.5661162608824419,0.09903113209758085,1.5,1.8660254037844388,2,1
1.0,1.0,1.0,1.0,1.0,11,4,3,1.258819045102521,0.0340741737109318,0.5661162608824419,0.09903113209758085,2.0,1.0,2,1
1.0,1.0,3.0,1.0,1.0,18,5,8,0.0,0.9999999999999998,0.02507208781817638,0.7774790660436854,0.13397459621556151,0.49999999999999956,1,1
1.0,1.0,3.0,1.0,1.0,13,7,8,0.7411809548974793,0.03407417371093169,0.9999999999999998,2.0,0.13397459621556151,0.49999999999999956,2,1
1.0,3.0,2.0,1.0,1.0,0,1,6,1.0,2.0,1.78183148246803,1.6234898018587336,1.0000000000000002,0.0,2,0
1.0,3.0,2.0,1.0,1.0,20,6,3,0.1339745962155614,1.5,0.21816851753197009,1.6234898018587334,2.0,1.0,2,1
1.0,1.0,2.0,1.0,1.0,13,6,7,0.7411809548974793,0.03407417371093169,0.21816851753197009,1.6234898018587334,0.5000000000000002,0.13397459621556118,1,1
3.0,3.0,3.0,3.0,1.0,18,6,2,0.0,0.9999999999999998,0.21816851753197009,1.6234898018587334,1.8660254037844386,1.5,1,1
1.0,1.0,1.0,1.0,1.0,11,6,8,1.258819045102521,0.0340741737109318,0.21816851753197009,1.6234898018587334,0.13397459621556151,0.49999999999999956,1,1
2.0,1.0,1.0,2.0,1.0,7,5,2,1.9659258262890682,0.7411809548974794,0.02507208781817638,0.7774790660436854,1.8660254037844386,1.5,2,1
1.0,4.0,1.0,1.0,1.0,20,7,10,0.1339745962155614,1.5,0.9999999999999998,2.0,0.1339745962155614,1.5,2,1
1.0,1.0,3.0,1.0,1.0,12,1,12,1.0000000000000002,0.0,1.78183148246803,1.6234898018587336,0.9999999999999998,2.0,2,1
1.0,3.0,3.0,1.0,1.0,0,5,1,1.0,2.0,0.02507208781817638,0.7774790660436854,1.5,1.8660254037844388,2,1
2.0,2.0,3.0,2.0,1.0,18,6,3,0.0,0.9999999999999998,0.21816851753197009,1.6234898018587334,2.0,1.0,1,1
1.0,1.0,1.0,1.0,1.0,14,5,5,0.5000000000000002,0.13397459621556118,0.02507208781817638,0.7774790660436854,1.5,0.1339745962155613,1,0
2.0,3.0,2.0,2.0,1.0,22,5,12,0.49999999999999956,1.8660254037844384,0.02507208781817638,0.7774790660436854,0.9999999999999998,2.0,2,1
1.0,1.0,3.0,1.0,1.0,13,1,2,0.7411809548974793,0.03407417371093169,1.78183148246803,1.6234898018587336,1.8660254037844386,1.5,1,1
3.0,1.0,1.0,2.0,1.0,12,3,12,1.0000000000000002,0.0,1.4338837391175583,0.09903113209758097,0.9999999999999998,2.0,1,1
1.0,1.0,1.0,1.0,1.0,9,4,3,1.7071067811865475,0.29289321881345254,0.5661162608824419,0.09903113209758085,2.0,1.0,2,1
1.0,1.0,1.0,1.0,1.0,8,3,9,1.8660254037844388,0.5000000000000002,1.4338837391175583,0.09903113209758097,0.0,0.9999999999999998,2,1
1.0,1.0,1.0,1.0,1.0,13,1,6,0.7411809548974793,0.03407417371093169,1.78183148246803,1.6234898018587336,1.0000000000000002,0.0,1,1
1.0,2.0,2.0,1.0,1.0,16,4,1,0.13397459621556151,0.49999999999999956,0.5661162608824419,0.09903113209758085,1.5,1.8660254037844388,2,1
1.0,1.0,1.0,1.0,1.0,14,3,4,0.5000000000000002,0.13397459621556118,1.4338837391175583,0.09903113209758097,1.8660254037844388,0.5000000000000002,2,1
1.0,1.0,3.0,1.0,1.0,15,4,10,0.29289321881345287,0.2928932188134521,0.5661162608824419,0.09903113209758085,0.1339745962155614,1.5,1,1
1.0,1.6786895643264867,2.0,1.0,1.0,13,4,12,0.7411809548974793,0.03407417371093169,0.5661162608824419,0.09903113209758085,0.9999999999999998,2.0,1,1
1.0,1.0,2.0,1.0,3.0,10,4,4,1.5,0.1339745962155613,0.5661162608824419,0.09903113209758085,1.8660254037844388,0.5000000000000002,2,1
1.0,1.0,1.0,1.0,1.0,7,5,10,1.9659258262890682,0.7411809548974794,0.02507208781817638,0.7774790660436854,0.1339745962155614,1.5,1,1
2.0,3.0,1.0,2.0,1.0,21,3,5,0.2928932188134523,1.7071067811865475,1.4338837391175583,0.09903113209758097,1.5,0.1339745962155613,2,1
1.0,1.0,2.0,1.0,1.0,19,3,9,0.03407417371093158,1.2588190451025203,1.4338837391175583,0.09903113209758097,0.0,0.9999999999999998,1,1
1.0,3.0,1.0,1.0,1.0,23,6,10,0.7411809548974784,1.9659258262890682,0.21816851753197009,1.6234898018587334,0.1339745962155614,1.5,2,1
1.0,3.0,1.0,1.0,1.0,20,4,10,0.1339745962155614,1.5,0.5661162608824419,0.09903113209758085,0.1339745962155614,1.5,2,1
1.0,1.0,1.0,1.0,1.0,11,6,6,1.258819045102521,0.0340741737109318,0.21816851753197009,1.6234898018587334,1.0000000000000002,0.0,2,1
1.0,1.0,1.0,1.0,1.0,9,4,12,1.7071067811865475,0.29289321881345254,0.5661162608824419,0.09903113209758085,0.9999999999999998,2.0,1,1
1.0,1.0,1.0,1.0,1.0,9,5,6,1.7071067811865475,0.29289321881345254,0.02507208781817638,0.7774790660436854,1.0000000000000002,0.0,1,1
1.0,3.0,2.0,1.0,1.0,20,7,7,0.1339745962155614,1.5,0.9999999999999998,2.0,0.5000000000000002,0.13397459621556118,2,1
1.0,1.0,1.0,1.0,1.0,12,5,8,1.0000000000000002,0.0,0.02507208781817638,0.7774790660436854,0.13397459621556151,0.49999999999999956,1,1
1.0,1.0,3.0,1.0,1.0,8,3,5,1.8660254037844388,0.5000000000000002,1.4338837391175583,0.09903113209758097,1.5,0.1339745962155613,1,1
2.0,3.0,1.0,2.0,1.0,19,4,4,0.03407417371093158,1.2588190451025203,0.5661162608824419,0.09903113209758085,1.8660254037844388,0.5000000000000002,2,1
1.0,1.0,3.0,1.0,1.0,10,2,4,1.5,0.1339745962155613,1.9749279121818235,0.7774790660436857,1.8660254037844388,0.5000000000000002,1,1
1.0,1.0,3.0,1.0,1.0,15,6,6,0.29289321881345287,0.2928932188134521,0.21816851753197009,1.6234898018587334,1.0000000000000002,0.0,2,1
1.0,1.0,3.0,1.0,1.0,16,5,6,0.13397459621556151,0.49999999999999956,0.02507208781817638,0.7774790660436854,1.0000000000000002,0.0,1,1
1.0,1.6786895643264867,1.8610057336035266,1.0,1.0,18,7,2,0.0,0.9999999999999998,0.9999999999999998,2.0,1.8660254037844386,1.5,1,1
1.0,3.0,1.0,1.0,1.0,2,5,3,1.5,1.8660254037844388,0.02507208781817638,0.7774790660436854,2.0,1.0,2,1
1.0,3.0,1.8610057336035266,1.0,1.0,20,2,5,0.1339745962155614,1.5,1.9749279121818235,0.7774790660436857,1.5,0.1339745962155613,1,1
1.0,1.0,3.0,1.0,1.0,14,3,9,0.5000000000000002,0.13397459621556118,1.4338837391175583,0.09903113209758097,0.0,0.9999999999999998,2,1
1.0,1.0,2.0,1.0,1.0,7,2,4,1.9659258262890682,0.7411809548974794,1.9749279121818235,0.7774790660436857,1.8660254037844388,0.5000000000000002,1,1
2.0,3.0,2.0,2.0,1.0,17,1,10,0.03407417371093169,0.7411809548974794,1.78183148246803,1.6234898018587336,0.1339745962155614,1.5,1,1
1.0,1.0,1.0,1.0,1.0,15,4,11,0.29289321881345287,0.2928932188134521,0.5661162608824419,0.09903113209758085,0.49999999999999956,1.8660254037844384,1,0
1.0,1.0,2.0,1.0,1.0,11,7,9,1.258819045102521,0.0340741737109318,0.9999999999999998,2.0,0.0,0.9999999999999998,2,1
1.0,1.0,1.0,1.0,1.0,10,3,4,1.5,0.1339745962155613,1.4338837391175583,0.09903113209758097,1.8660254037844388,0.5000000000000002,1,1
1.0,3.0,3.0,1.0,1.0,3,6,8,1.7071067811865475,1.7071067811865475,0.21816851753197009,1.6234898018587334,0.13397459621556151,0.49999999999999956,2,1
1.0,1.0,1.0,1.0,1.0,17,5,2,0.03407417371093169,0.7411809548974794,0.02507208781817638,0.7774790660436854,1.8660254037844386,1.5,2,1
1.0,1.0,1.0,1.0,1.0,12,4,9,1.0000000000000002,0.0,0.5661162608824419,0.09903113209758085,0.0,0.9999999999999998,2,1
1.0,1.0,3.0,1.0,1.0,16,3,9,0.13397459621556151,0.49999999999999956,1.4338837391175583,0.09903113209758097,0.0,0.9999999999999998,2,1
1.0,1.0,2.0,1.0,1.0,13,1,7,0.7411809548974793,0.03407417371093169,1.78183148246803,1.6234898018587336,0.5000000000000002,0.13397459621556118,1,0
1.0,1.0,1.0,1.0,1.0,17,6,8,0.03407417371093169,0.7411809548974794,0.21816851753197009,1.6234898018587334,0.13397459621556151,0.49999999999999956,2,1
1.0,4.0,3.0,1.0,1.0,19,4,4,0.03407417371093158,1.2588190451025203,0.5661162608824419,0.09903113209758085,1.8660254037844388,0.5000000000000002,1,1
1.0,1.0,2.0,1.0,1.0,16,7,8,0.13397459621556151,0.49999999999999956,0.9999999999999998,2.0,0.13397459621556151,0.49999999999999956,1,1
1.0,3.0,2.0,1.0,1.0,17,5,11,0.03407417371093169,0.7411809548974794,0.02507208781817638,0.7774790660436854,0.49999999999999956,1.8660254037844384,2,1
1.0,1.0,3.0,1.0,1.0,11,3,2,1.258819045102521,0.0340741737109318,1.4338837391175583,0.09903113209758097,1.8660254037844386,1.5,1,1
1.0,1.0,3.0,1.0,1.0,10,7,10,1.5,0.1339745962155613,0.9999999999999998,2.0,0.1339745962155614,1.5,2,1
1.0,3.0,1.0,1.0,1.0,21,4,6,0.2928932188134523,1.7071067811865475,0.5661162608824419,0.09903113209758085,1.0000000000000002,0.0,2,1
1.0,1.0,1.0,1.0,1.0,15,6,6,0.29289321881345287,0.2928932188134521,0.21816851753197009,1.6234898018587334,1.0000000000000002,0.0,2,1
3.0,3.0,1.0,3.0,1.0,21,6,1,0.2928932188134523,1.7071067811865475,0.21816851753197009,1.6234898018587334,1.5,1.8660254037844388,1,1
1.0,3.0,3.0,1.0,1.0,3,7,1,1.7071067811865475,1.7071067811865475,0.9999999999999998,2.0,1.5,1.8660254037844388,2,1
2.0,3.0,2.0,2.0,1.0,23,6,10,0.7411809548974784,1.9659258262890682,0.21816851753197009,1.6234898018587334,0.1339745962155614,1.5,2,1
1.0,1.0,1.0,1.0,1.0,11,1,10,1.258819045102521,0.0340741737109318,1.78183148246803,1.6234898018587336,0.1339745962155614,1.5,1,1
2.0,1.0,1.0,2.0,1.0,7,5,9,1.9659258262890682,0.7411809548974794,0.02507208781817638,0.7774790660436854,0.0,0.9999999999999998,1,1
2.0,1.0,1.0,2.0,1.0,10,7,4,1.5,0.1339745962155613,0.9999999999999998,2.0,1.8660254037844388,0.5000000000000002,2,1
1.0,1.0,3.0,1.0,1.0,15,7,11,0.29289321881345287,0.2928932188134521,0.9999999999999998,2.0,0.49999999999999956,1.8660254037844384,1,1
1.0,1.0,3.0,1.0,1.0,14,6,7,0.5000000000000002,0.13397459621556118,0.21816851753197009,1.6234898018587334,0.5000000000000002,0.13397459621556118,2,1
1.0,1.0,2.0,1.0,1.0,7,4,11,1.9659258262890682,0.7411809548974794,0.5661162608824419,0.09903113209758085,0.49999999999999956,1.8660254037844384,1,1
2.0,3.0,1.0,2.0,1.0,23,5,10,0.7411809548974784,1.9659258262890682,0.02507208781817638,0.7774790660436854,0.1339745962155614,1.5,2,1
2.0,3.0,3.0,2.0,1.0,21,1,9,0.2928932188134523,1.7071067811865475,1.78183148246803,1.6234898018587336,0.0,0.9999999999999998,1,1
1.0,1.0,1.0,1.0,1.0,17,1,8,0.03407417371093169,0.7411809548974794,1.78183148246803,1.6234898018587336,0.13397459621556151,0.49999999999999956,2,1
1.0,1.0,3.0,1.0,1.0,16,6,2,0.13397459621556151,0.49999999999999956,0.21816851753197009,1.6234898018587334,1.8660254037844386,1.5,1,1
1.0,3.0,3.0,2.0,1.0,19,7,11,0.03407417371093158,1.2588190451025203,0.9999999999999998,2.0,0.49999999999999956,1.8660254037844384,2,1
3.0,3.0,1.0,2.0,1.0,23,6,1,0.7411809548974784,1.9659258262890682,0.21816851753197009,1.6234898018587334,1.5,1.8660254037844388,1,1
1.0,3.0,1.0,1.0,1.0,18,1,12,0.0,0.9999999999999998,1.78183148246803,1.6234898018587336,0.9999999999999998,2.0,2,1
1.0,1.0,2.0,1.0,1.0,11,3,3,1.258819045102521,0.0340741737109318,1.4338837391175583,0.09903113209758097,2.0,1.0,1,1
1.0,3.0,3.0,1.0,1.0,16,1,11,0.13397459621556151,0.49999999999999956,1.78183148246803,1.6234898018587336,0.49999999999999956,1.8660254037844384,2,1
1.0,3.0,1.0,1.0,1.0,0,3,9,1.0,2.0,1.4338837391175583,0.09903113209758097,0.0,0.9999999999999998,1,1
1.0,1.0,1.0,1.0,1.0,11,4,10,1.258819045102521,0.0340741737109318,0.5661162608824419,0.09903113209758085,0.1339745962155614,1.5,1,1
1.0,1.0,1.0,1.0,1.0,18,7,7,0.0,0.9999999999999998,0.9999999999999998,2.0,0.5000000000000002,0.13397459621556118,1,1
1.0,1.0,3.0,1.0,1.0,17,7,3,0.03407417371093169,0.7411809548974794,0.9999999999999998,2.0,2.0,1.0,1,1
1.0,1.0,1.0,1.0,1.0,8,6,8,1.8660254037844388,0.5000000000000002,0.21816851753197009,1.6234898018587334,0.13397459621556151,0.49999999999999956,1,1
2.0,3.0,3.0,2.0,1.0,3,1,9,1.7071067811865475,1.7071067811865475,1.78183148246803,1.6234898018587336,0.0,0.9999999999999998,2,1
1.0,3.0,1.0,1.0,1.0,19,3,6,0.03407417371093158,1.2588190451025203,1.4338837391175583,0.09903113209758097,1.0000000000000002,0.0,2,1
1.0,1.0,2.0,1.0,1.0,10,2,11,1.5,0.1339745962155613,1.9749279121818235,0.7774790660436857,0.49999999999999956,1.8660254037844384,1,1
2.0,1.0,3.0,2.0,1.0,17,7,3,0.03407417371093169,0.7411809548974794,0.9999999999999998,2.0,2.0,1.0,2,1
1.0,1.0,2.0,1.0,1.0,10,5,3,1.5,0.1339745962155613,0.02507208781817638,0.7774790660436854,2.0,1.0,1,1
1.0,1.0,3.0,1.0,1.0,16,6,2,0.13397459621556151,0.49999999999999956,0.21816851753197009,1.6234898018587334,1.8660254037844386,1.5,1,1
3.0,1.0,1.0,3.0,1.0,12,3,2,1.0000000000000002,0.0,1.4338837391175583,0.09903113209758097,1.8660254037844386,1.5,1,1
2.0,1.0,2.0,2.0,1.0,7,3,9,1.9659258262890682,0.7411809548974794,1.4338837391175583,0.09903113209758097,0.0,0.9999999999999998,2,1
1.0,1.0,3.0,1.0,1.0,11,3,9,1.258819045102521,0.0340741737109318,1.4338837391175583,0.09903113209758097,0.0,0.9999999999999998,1,1
1.0,1.0,3.0,1.0,1.0,16,6,8,0.13397459621556151,0.49999999999999956,0.21816851753197009,1.6234898018587334,0.13397459621556151,0.49999999999999956,2,1
1.0,3.0,1.0,1.0,3.0,23,2,12,0.7411809548974784,1.9659258262890682,1.9749279121818235,0.7774790660436857,0.9999999999999998,2.0,2,1
1.0,1.0,1.0,1.0,1.0,16,6,5,0.13397459621556151,0.49999999999999956,0.21816851753197009,1.6234898018587334,1.5,0.1339745962155613,1,1
1.0,1.0,1.0,1.0,1.0,14,6,10,0.5000000000000002,0.13397459621556118,0.21816851753197009,1.6234898018587334,0.1339745962155614,1.5,2,1
1.0,3.0,2.0,1.0,1.0,0,4,11,1.0,2.0,0.5661162608824419,0.09903113209758085,0.49999999999999956,1.8660254037844384,2,1
2.0,2.0,1.0,2.0,1.0,19,1,5,0.03407417371093158,1.2588190451025203,1.78183148246803,1.6234898018587336,1.5,0.1339745962155613,2,1
1.0,1.0,1.0,2.0,1.0,12,1,5,1.0000000000000002,0.0,1.78183148246803,1.6234898018587336,1.5,0.1339745962155613,1,1
1.0,1.0,1.0,1.0,1.0,7,5,10,1.9659258262890682,0.7411809548974794,0.02507208781817638,0.7774790660436854,0.1339745962155614,1.5,2,1
1.0,1.0,3.0,1.0,1.0,14,4,10,0.5000000000000002,0.13397459621556118,0.5661162608824419,0.09903113209758085,0.1339745962155614,1.5,2,1
2.0,1.0,1.0,2.0,1.0,16,2,3,0.13397459621556151,0.49999999999999956,1.9749279121818235,0.7774790660436857,2.0,1.0,1,1
1.0,3.0,2.0,1.0,1.0,1,7,5,1.2588190451025207,1.9659258262890682,0.9999999999999998,2.0,1.5,0.1339745962155613,2,1
1.0,1.0,2.0,1.0,1.0,10,4,5,1.5,0.1339745962155613,0.5661162608824419,0.09903113209758085,1.5,0.1339745962155613,2,1
1.0,1.0,2.0,1.0,1.0,9,2,9,1.7071067811865475,0.29289321881345254,1.9749279121818235,0.7774790660436857,0.0,0.9999999999999998,1,1
1.0,3.0,2.0,1.0,1.0,1,7,11,1.2588190451025207,1.9659258262890682,0.9999999999999998,2.0,0.49999999999999956,1.8660254037844384,2,1
1.0,1.0,2.0,1.0,1.0,12,6,7,1.0000000000000002,0.0,0.21816851753197009,1.6234898018587334,0.5000000000000002,0.13397459621556118,1,1
1.0,1.0,1.0,1.0,1.0,13,4,1,0.7411809548974793,0.03407417371093169,0.5661162608824419,0.09903113209758085,1.5,1.8660254037844388,1,1
2.0,1.0,2.0,2.0,1.0,8,3,10,1.8660254037844388,0.5000000000000002,1.4338837391175583,0.09903113209758097,0.1339745962155614,1.5,2,1
1.0,1.0,2.0,1.0,1.0,8,6,6,1.8660254037844388,0.5000000000000002,0.21816851753197009,1.6234898018587334,1.0000000000000002,0.0,1,1
1.0,1.0,1.0,1.0,1.0,13,6,9,0.7411809548974793,0.03407417371093169,0.21816851753197009,1.6234898018587334,0.0,0.9999999999999998,1,1
1.0,1.0,2.0,1.0,1.0,15,4,1,0.29289321881345287,0.2928932188134521,0.5661162608824419,0.09903113209758085,1.5,1.8660254037844388,1,1
1.0,3.0,2.0,1.0,1.0,19,2,10,0.03407417371093158,1.2588190451025203,1.9749279121818235,0.7774790660436857,0.1339745962155614,1.5,1,1
2.0,1.0,3.0,2.0,1.0,12,4,10,1.0000000000000002,0.0,0.5661162608824419,0.09903113209758085,0.1339745962155614,1.5,2,1
1.0,1.0,2.0,1.0,1.0,14,6,2,0.5000000000000002,0.13397459621556118,0.21816851753197009,1.6234898018587334,1.8660254037844386,1.5,1,1
1.0,1.0,1.0,1.0,1.0,15,5,3,0.29289321881345287,0.2928932188134521,0.02507208781817638,0.7774790660436854,2.0,1.0,1,1
1.0,1.0,1.0,1.0,4.0,7,2,5,1.9659258262890682,0.7411809548974794,1.9749279121818235,0.7774790660436857,1.5,0.1339745962155613,1,0
1.0,3.0,1.0,1.0,1.0,23,3,11,0.7411809548974784,1.9659258262890682,1.4338837391175583,0.09903113209758097,0.49999999999999956,1.8660254037844384,2,1
1.0,1.0,2.0,1.0,1.0,18,6,3,0.0,0.9999999999999998,0.21816851753197009,1.6234898018587334,2.0,1.0,2,1
1.0,3.0,2.0,1.0,1.0,23,5,6,0.7411809548974784,1.9659258262890682,0.02507208781817638,0.7774790660436854,1.0000000000000002,0.0,1,1
1.0,1.0,3.0,1.0,1.0,11,5,1,1.258819045102521,0.0340741737109318,0.02507208781817638,0.7774790660436854,1.5,1.8660254037844388,1,1
1.0,1.0,1.0,1.0,1.0,11,1,1,1.258819045102521,0.0340741737109318,1.78183148246803,1.6234898018587336,1.5,1.8660254037844388,1,1
3.0,3.0,1.0,4.0,1.0,18,3,11,0.0,0.9999999999999998,1.4338837391175583,0.09903113209758097,0.49999999999999956,1.8660254037844384,1,1
1.0,3.0,1.0,1.0,1.0,18,4,3,0.0,0.9999999999999998,0.5661162608824419,0.09903113209758085,2.0,1.0,1,1
1.0,1.0,2.0,1.0,1.0,17,6,5,0.03407417371093169,0.7411809548974794,0.21816851753197009,1.6234898018587334,1.5,0.1339745962155613,1,1
1.0,1.0,3.0,1.0,1.0,6,4,10,2.0,1.0,0.5661162608824419,0.09903113209758085,0.1339745962155614,1.5,2,1
1.0,1.0,1.0,1.0,1.0,11,7,11,1.258819045102521,0.0340741737109318,0.9999999999999998,2.0,0.49999999999999956,1.8660254037844384,1,1
1.0,1.0,3.0,1.0,1.0,18,6,9,0.0,0.9999999999999998,0.21816851753197009,1.6234898018587334,0.0,0.9999999999999998,2,1
1.0,1.0,3.0,1.0,1.0,16,2,9,0.13397459621556151,0.49999999999999956,1.9749279121818235,0.7774790660436857,0.0,0.9999999999999998,2,1
1.0,1.0,1.0,1.0,1.0,15,5,8,0.29289321881345287,0.2928932188134521,0.02507208781817638,0.7774790660436854,0.13397459621556151,0.49999999999999956,1,1
1.0,3.0,2.0,2.0,1.0,4,1,6,1.8660254037844386,1.5,1.78183148246803,1.6234898018587336,1.0000000000000002,0.0,1,0
1.0,3.0,1.0,2.0,1.0,17,6,11,0.03407417371093169,0.7411809548974794,0.21816851753197009,1.6234898018587334,0.49999999999999956,1.8660254037844384,1,1
1.0,3.0,2.0,1.0,1.0,20,4,4,0.1339745962155614,1.5,0.5661162608824419,0.09903113209758085,1.8660254037844388,0.5000000000000002,2,1
1.0,1.0,2.0,1.0,1.0,7,4,2,1.9659258262890682,0.7411809548974794,0.5661162608824419,0.09903113209758085,1.8660254037844386,1.5,1,0
1.0,3.0,1.0,1.0,2.0,3,1,5,1.7071067811865475,1.7071067811865475,1.78183148246803,1.6234898018587336,1.5,0.1339745962155613,2,1
3.0,1.0,3.0,2.0,1.0,8,6,2,1.8660254037844388,0.5000000000000002,0.21816851753197009,1.6234898018587334,1.8660254037844386,1.5,2,1
1.0,3.0,2.0,1.0,1.0,21,6,6,0.2928932188134523,1.7071067811865475,0.21816851753197009,1.6234898018587334,1.0000000000000002,0.0,1,1
1.0,1.0,1.0,1.0,1.0,18,6,6,0.0,0.9999999999999998,0.21816851753197009,1.6234898018587334,1.0000000000000002,0.0,1,1
1.0,3.0,2.0,1.0,1.0,20,1,4,0.1339745962155614,1.5,1.78183148246803,1.6234898018587336,1.8660254037844388,0.5000000000000002,2,1
1.0,3.0,1.0,1.0,1.0,0,1,8,1.0,2.0,1.78183148246803,1.6234898018587336,0.13397459621556151,0.49999999999999956,2,1
1.0,1.0,1.0,1.0,1.0,13,6,8,0.7411809548974793,0.03407417371093169,0.21816851753197009,1.6234898018587334,0.13397459621556151,0.49999999999999956,1,1
1.0,1.0,2.0,1.0,1.0,12,4,7,1.0000000000000002,0.0,0.5661162608824419,0.09903113209758085,0.5000000000000002,0.13397459621556118,1,1
1.0,1.0,3.0,1.0,1.0,15,4,1,0.29289321881345287,0.2928932188134521,0.5661162608824419,0.09903113209758085,1.5,1.8660254037844388,2,1
1.0,4.0,1.0,1.0,1.0,17,3,11,0.03407417371093169,0.7411809548974794,1.4338837391175583,0.09903113209758097,0.49999999999999956,1.8660254037844384,1,1